,,１２半形字元換行,,,１４半形字元換行,１５全形字元換行,,,,
,,number,category,brand,model,item,price,retail price,price 6,link
飛 碟-FT-1030-U-電騎士系列 機架式 UPS 3kVA,,9BUPSFT1030U,＊ Ｕ Ｐ Ｓ,飛 碟,FT-1030-U,電騎士系列 機架式 UPS 3kVA,20000,31000,17000,
飛 碟-FT-130H-U-電騎士系列 機架式 UPS 3kVA（110V）,,9BUPSFT130HU,＊ Ｕ Ｐ Ｓ,飛 碟,FT-130H-U,電騎士系列 機架式 UPS 3kVA（110V）,22000,35000,18700,
飛 碟-FT-630H-U-電武士系列 機架式 UPS 3kVA（內建電池）,,9BUPSFT630HU,＊ Ｕ Ｐ Ｓ,飛 碟,FT-630H-U,電武士系列 機架式 UPS 3kVA（內建電池）,25000,38400,21058,
飛 碟-FT-630H-U-L-電武士系列 機架式 UPS 3kVA（不含電池DC24V）,,9BUPSFT630HUL,＊ Ｕ Ｐ Ｓ,飛 碟,FT-630H-U-L,電武士系列 機架式 UPS 3kVA（不含電池DC24V）,26500,32000,23690,https://drive.google.com/file/d/12tHMzWJBCY-adUnVQpuCN4coselZb0CY/view
飛 碟-FT-620H-U-L-電武士系列 機架式 UPS 2kVA（不含電池DC24V）,,9BUPSFT620HUL,＊ Ｕ Ｐ Ｓ,飛 碟,FT-620H-U-L,電武士系列 機架式 UPS 2kVA（不含電池DC24V）,19500,32400,17216,
飛 碟-FT-610H-U-L-電武士系列 機架式 UPS 1kVA（不含電池DC24V）,,9BUPSFT610HUL,＊ Ｕ Ｐ Ｓ,飛 碟,FT-610H-U-L,電武士系列 機架式 UPS 1kVA（不含電池DC24V）,13000,15000,11495,
飛 碟-FT-630H-電武士系列 直立式 UPS 3kVA（內建電池）,,9BUPSFT630H,＊ Ｕ Ｐ Ｓ,飛 碟,FT-630H,電武士系列 直立式 UPS 3kVA（內建電池）,19500,31800,16737,
飛 碟-FT-610H-電武士系列 直立式 UPS 1kVA（內建電池）,,9BUPSFT610H,＊ Ｕ Ｐ Ｓ,飛 碟,FT-610H,電武士系列 直立式 UPS 1kVA（內建電池）,9000,12600,6910,
飛 碟-FT-620H-L-電武士系列 直立式 UPS 2kVA（不含電池DC24V）,,9BUPSFT620HL,＊ Ｕ Ｐ Ｓ,飛 碟,FT-620H-L,電武士系列 直立式 UPS 2kVA（不含電池DC24V）,15900,25000,14282,
飛 碟-FT-610H-L-電武士系列 直立式 UPS 1kVA（不含電池DC24V）,,9BUPSFT610HL,＊ Ｕ Ｐ Ｓ,飛 碟,FT-610H-L,電武士系列 直立式 UPS 1kVA（不含電池DC24V）,12500,21000,11159,
飛 碟-FT-640H-L-電管家系列 直立式 UPS 4kVA（不含電池DC36V）,,9BUPSFT640HL,＊ Ｕ Ｐ Ｓ,飛 碟,FT-640H-L,電管家系列 直立式 UPS 4kVA（不含電池DC36V）,35000,48700,26705,
飛 碟-FT-630H-L-電管家系列 直立式 UPS 3kVA（不含電池DC24V）,,9BUPSFT630HL,＊ Ｕ Ｐ Ｓ,飛 碟,FT-630H-L,電管家系列 直立式 UPS 3kVA（不含電池DC24V）,19200,23000,17548,
飛 碟-FT-6030-L-電管家系列 直立式 UPS 3kVA（不含電池DC24V）,,9BUPSFT6030L,＊ Ｕ Ｐ Ｓ,飛 碟,FT-6030-L,電管家系列 直立式 UPS 3kVA（不含電池DC24V）,18500,23000,16000,
飛 碟-FT-6020-L-電管家系列 直立式 UPS 2kVA（不含電池DC24V）,,9BUPSFT6020L,＊ Ｕ Ｐ Ｓ,飛 碟,FT-6020-L,電管家系列 直立式 UPS 2kVA（不含電池DC24V）,14500,25000,12889,
飛 碟-FT-110H-電騎士系列 直立式 UPS 1kVA,,9EUFFFT110H,＊ Ｕ Ｐ Ｓ,飛 碟,FT-110H,電騎士系列 直立式 UPS 1kVA,9071,12700,6755,
飛 碟-FT-1030-電騎士系列 直立式 UPS 3kVA,,9BUPSFT1030,＊ Ｕ Ｐ Ｓ,飛 碟,FT-1030,電騎士系列 直立式 UPS 3kVA,18000,28000,16451,
飛 碟-FT-130H-電騎士系列 直立式 UPS 3kVA（110V）,,9BUPSFT130H,＊ Ｕ Ｐ Ｓ,飛 碟,FT-130H,電騎士系列 直立式 UPS 3kVA（110V）,18500,31200,17109,
飛 碟-FT-110T-T-電騎士系列 直立式 UPS 10kVA（含隔離模組）,,9BUPSFT110TT,＊ Ｕ Ｐ Ｓ,飛 碟,FT-110T-T,電騎士系列 直立式 UPS 10kVA（含隔離模組）,80000,122000,68309,
飛 碟-FT-114U-電騎士系列 不斷電系統 UPS 10kVA（110V）,,9BUPSFT114U110V,＊ Ｕ Ｐ Ｓ,飛 碟,FT-114U,電騎士系列 不斷電系統 UPS 10kVA（110V）,110000,170000,92000,
飛 碟-FT-1000BS(FT-TS10H)-電精靈系列 不斷電系統 UPS 1kVA,,9EUFFFT1000BS,＊ Ｕ Ｐ Ｓ,飛 碟,FT-1000BS(FT-TS10H),電精靈系列 不斷電系統 UPS 1kVA,3000,4200,2234,https://drive.google.com/file/d/12VNBs6llyszl-OSNKNX0mfK9RiZxIHBT/view
飛 碟-FT-1500BS(FT-BS15H)-電精靈系列 不斷電系統 UPS 1.5kVA,,9EUFFFT1500BS,＊ Ｕ Ｐ Ｓ,飛 碟,FT-1500BS(FT-BS15H),電精靈系列 不斷電系統 UPS 1.5kVA,6114,8560,4553,
龍 光-LK-12HD-12M雙軌相對式紅外線偵測器（埋入式）,龍 光 12M雙軌相對式紅外線偵測器（埋入式）,9EPLK12HD,感 測 儀 器,龍 光,LK-12HD,12M雙軌相對式紅外線偵測器（埋入式）,1200,1800,958,https://drive.google.com/open?id=1pt-_dXUcHTMROTCXuiQMevO_mS4u7FmG&usp=drive_copy
龍 光-LK-15H-15M相對式紅外線偵測器,龍 光 15M相對式紅外線偵測器,★★★,感 測 儀 器,龍 光,LK-15H,15M相對式紅外線偵測器,★★★,★★★,★★★,https://drive.google.com/open?id=1PgR_AnA2BAO4it4ZRnbES34CPPNubjGC&usp=drive_copy
龍 光-LK-15HDI-15M雙軌相對式紅外線偵測器,龍 光 15M雙軌相對式紅外線偵測器,★★★,感 測 儀 器,龍 光,LK-15HDI,15M雙軌相對式紅外線偵測器,1200,★★★,★★★,https://drive.google.com/open?id=1ew27gL3LxW6jqDb0t786oKMtMXH8nVaI&usp=drive_copy
龍 光-LK-105A-3M-3M直臂式電動柵欄機,龍 光 3M直臂式電動柵欄機,9EPLK105A3M,停 管 配 置,龍 光,LK-105A-3M,3M直臂式電動柵欄機,33000,46000,26500,https://drive.google.com/open?id=19jG6ADkUQG-9RRiNXmNtsaVryKmDEpYA&usp=drive_copy
龍 光-LK-105A-4M直臂式桿子,龍 光 4M直臂式桿子,9EPLK105A4M,停 管 配 置,龍 光,LK-105A,4M直臂式桿子,4113,6000,3290,https://drive.google.com/open?id=1x_XFYD2Pgdj6K4tOGiv1Sm89zxUwgrtH&usp=drive_copy
龍 光-LK-105A-4M-4M直臂式電動柵欄機,龍 光 4M直臂式電動柵欄機,9EPLK105A,停 管 配 置,龍 光,LK-105A-4M,4M直臂式電動柵欄機,33200,50000,26600,https://drive.google.com/open?id=15SPqGysDX5dB-10TbROsWaoj2QVgYehA&usp=drive_copy
龍 光-LK-105A-5M-5M直臂式電動柵欄機,龍 光 5M直臂式電動柵欄機,9EPLK105A5M,停 管 配 置,龍 光,LK-105A-5M,5M直臂式電動柵欄機,35000,50000,27418.29,https://drive.google.com/open?id=12bXCn8fom56kkVsxb8Ihvjtb0bNeJkjB&usp=drive_copy
龍 光-LK-7HR-7M反射式紅外線偵測器（埋入式）,龍 光 7M反射式紅外線偵測器（埋入式）,9EPLK7HR,感 測 儀 器,龍 光,LK-7HR,7M反射式紅外線偵測器（埋入式）,1143,1600,895,https://drive.google.com/open?id=1GTQ-YXkMOrYl58pnnJYSbnF-6qWEKt4L&usp=drive_copy
龍 光-LK-107AL-LED旋轉警示蜂鳴器,龍 光 LED旋轉警示蜂鳴器,9EPLK107AL,停 管 配 置,龍 光,LK-107AL,LED旋轉警示蜂鳴器,1000,1440,790,https://drive.google.com/open?id=1hab0rI2qBonK3-lwVMGe0MmXGw3XprsL&usp=drive_copy
龍 光-LK-107L-LED旋轉警示燈,龍 光 LED旋轉警示燈,9EPLK107L,停 管 配 置,龍 光,LK-107L,LED旋轉警示燈,743,1040,553,https://drive.google.com/open?id=1e1_VAhSTbaLuwEPt465OgObWg8WaGB4d&usp=drive_copy
龍 光-LK-CX-97RN-一氧化碳（CO）+瓦斯（GAS）複合型警報器,龍 光 一氧化碳（CO）+瓦斯（GAS）複合型警報器,★★★,感 測 儀 器,龍 光,LK-CX-97RN,一氧化碳（CO）+瓦斯（GAS）複合型警報器,★★★,★★★,★★★,https://drive.google.com/open?id=1bWCrsAkcsweVLuGaqBI4PIXOzua1BFgy&usp=drive_copy
龍 光-LK-CX-96RN-一氧化碳（CO）警報器,龍 光 一氧化碳（CO）警報器,9EGLKCX96RN,感 測 儀 器,龍 光,LK-CX-96RN,一氧化碳（CO）警報器,2143,3000,1645,https://drive.google.com/open?id=1gL_TgfstLF810K_aA04krFZlW6MzLBTY&usp=drive_copy
龍 光-AT-840-上裝式鐵捲門感應器（兩段旋轉支架）,龍 光 上裝式鐵捲門感應器（兩段旋轉支架）,9EALKAT840,感 測 儀 器,龍 光,AT-840,上裝式鐵捲門感應器（兩段旋轉支架）,357,500,266,https://drive.google.com/open?id=1AEzmEBZfhUkBMCjHbubH7EFcu2GAvEhd&usp=drive_copy
龍 光-AT-860-下裝式鐵捲門感應器,龍 光 下裝式鐵捲門感應器,★★★,感 測 儀 器,龍 光,AT-860,下裝式鐵捲門感應器,★★★,★★★,★★★,https://drive.google.com/open?id=1F2W2WZ-x0FBInJs_DCykhJmHbLi1wZ8F&usp=drive_copy
龍 光-LK-72RH-小型喇叭（蜂鳴器警+報喇叭+平交道聲）,龍 光 小型喇叭（蜂鳴器警+報喇叭+平交道聲）,9EPLK72RH,緊 急 求 救,龍 光,LK-72RH,小型喇叭（蜂鳴器警+報喇叭+平交道聲）,286,400,213,https://drive.google.com/open?id=1V2wXrJ5dFeZdRgze8Nv5ppJ9xIbOw4-S&usp=drive_copy
龍 光-LK-106ST-反射鏡（不鏽鋼鏡面）（附支架）,龍 光 反射鏡（不鏽鋼鏡面）（附支架）,9EPLK106ST,停 管 配 置,龍 光,LK-106ST,反射鏡（不鏽鋼鏡面）（附支架）,6857,9600,5106,https://drive.google.com/open?id=1yEAhAq9J7iajpOVeeAB_zOtnr8V9HpwM&usp=drive_copy
龍 光-LK-106PC-反射鏡（聚碳酸樹脂鏡面）,龍 光 反射鏡（聚碳酸樹脂鏡面）,9EPLK106PC,停 管 配 置,龍 光,LK-106PC,反射鏡（聚碳酸樹脂鏡面）,3990,6000,3192,https://drive.google.com/open?id=1F3ROQQ3z9P4ejWm82tYkDTcVNmRhmdID&usp=drive_copy
龍 光-LK-121-方向辨識器,龍 光 方向辨識器,9EPLK121,停 管 配 置,龍 光,LK-121,方向辨識器,3632.92,5000,2906.34,https://drive.google.com/open?id=1icPhhJ-DEJuttloEsY53ixVNXXqDofVz&usp=drive_copy
龍 光-LK-200A-出車注意燈箱,龍 光 出車注意燈箱,9EPLK200A,停 管 配 置,龍 光,LK-200A,出車注意燈箱,30160,44000,24128,https://drive.google.com/open?id=1j1c9T9pbay1Ja7VeSEqcOW37IculmgqN&usp=drive_copy
龍 光-LK-104PS（LED）-平板雙色LED燈箱（鐵板）,龍 光 平板雙色LED燈箱（鐵板）,9EPLK104PS,停 管 配 置,龍 光,LK-104PS（LED）,平板雙色LED燈箱（鐵板）,5000,7000,4137,https://drive.google.com/open?id=1SX09nv16kpPbZN5FkfCzsHw3gY3JEILl&usp=drive_copy
龍 光-LK-104PS（ST）（LED）-平板雙⾊LED燈箱（不鏽鋼）,龍 光 平板雙⾊LED燈箱（不鏽鋼）,9EPLK104PSST,停 管 配 置,龍 光,LK-104PS（ST）（LED）,平板雙⾊LED燈箱（不鏽鋼）,5985,6650,4788,https://drive.google.com/open?id=1XLhY1w_KM-Iyw9Bf59SZJoQ_-TwoSKS2&usp=drive_copy
龍 光-LK-680N-瓦斯洩漏警報器,龍 光 瓦斯洩漏警報器,9EGLK680N110V,感 測 儀 器,龍 光,LK-680N,瓦斯洩漏警報器,617,900,494,https://drive.google.com/open?id=1zAXYgyi77qR95rdzOfKoWnCnTHuXcyW_&usp=drive_copy
龍 光-LK-104PS（注意來車）-注意來車,龍 光 注意來車,9EPLK104PS,停 管 配 置,龍 光,LK-104PS（注意來車）,注意來車,5000,7000,4137,https://drive.google.com/open?id=1D0B3vdUZYEHdTis7OCgVj4EbGar3fPq5&usp=drive_copy
龍 光-LK-10H-相對式紅外線偵測器（室內外用）,龍 光 相對式紅外線偵測器（室內外用）,★★★,感 測 儀 器,龍 光,LK-10H,相對式紅外線偵測器（室內外用）,★★★,★★★,★★★,https://drive.google.com/open?id=18zHdE7SqYwgYWGGc1zro8jBQev9RFZbj&usp=drive_copy
龍 光-LK-108-閃燈控制器,龍 光 閃燈控制器,9EPLK108,停 管 配 置,龍 光,LK-108,閃燈控制器,925.37,1200,740.29,https://drive.google.com/open?id=1fpKeuQEEmrVADfNAL2PzDqr0QLeLoyOC&usp=drive_copy
龍 光-LK-109-單線圈車輛檢知器,龍 光 單線圈車輛檢知器,9EPLK109,停 管 配 置,龍 光,LK-109,單線圈車輛檢知器,4000,6000,3200,https://drive.google.com/open?id=1V9E8eLxc3kpQNbOH4qvXxUbFAVcTmWcJ&usp=drive_copy
龍 光-LK-109-2-單線圈車輛檢知器,龍 光 單線圈車輛檢知器,9EPLKLK1092,停 管 配 置,龍 光,LK-109-2,單線圈車輛檢知器,6169,9000,4935,https://drive.google.com/open?id=1Z4CKN4Bmn_IYxTyxIveAGcI43e5U-gKb&usp=drive_copy
龍 光-LK-2008-微電腦控制主機（盜警八區）,龍 光 微電腦控制主機（盜警八區）,9EALK2008,停 管 配 置,龍 光,LK-2008,微電腦控制主機（盜警八區）,3632.92,5000,2906.34,https://drive.google.com/open?id=1anI9qfOVlL4RWPdk2LF1qqHVUGPi1b7h&usp=drive_copy
龍 光-LK-109L-感應線圈 ,龍 光 感應線圈,9EPLK109L,停 管 配 置,龍 光,LK-109L,感應線圈 ,31,44,23,https://drive.google.com/open?id=1g_UvSXtL8wDoWlXLEeAOh50PS21ycd2o&usp=drive_copy
龍 光-LK-109L.610-感應線圈 610M,龍 光 感應線圈 610M,9EPLK109L610,停 管 配 置,龍 光,LK-109L.610,感應線圈 610M,28,39,22,https://drive.google.com/open?id=1SMBFQFm_-J1dukMh-R5mMYs-BkvhoprW&usp=drive_copy
龍 光-LK-101PN-電動捲門遙控開關,龍 光 電動捲門遙控開關,9EALK101PN,停 管 配 置,龍 光,LK-101PN,電動捲門遙控開關,286,400,213,https://drive.google.com/open?id=1rTvBMEWcr7Cm5QszU_u4LWwcWwXepx65&usp=drive_copy
龍 光-LK-100S1-電話自動報警機,龍 光 電話自動報警機,9EPLK100S1,停 管 配 置,龍 光,LK-100S1,電話自動報警機,3427,5500,2742,https://drive.google.com/open?id=1alaCxek2mrVkcrmWSurXZWSU9d9YdyBN&usp=drive_copy
龍 光-LK-201RH1-管理型滾碼式緊 急 求 救接收主機 ,龍 光 管理型滾碼式緊 急 求 救接收主機,9EPLK201RH1,停 管 配 置,龍 光,LK-201RH1,管理型滾碼式緊 急 求 救接收主機 ,1143,1600,851,https://drive.google.com/open?id=19maTu4dNe195V4suJNeyn0EN9Md_O2ZJ&usp=drive_copy
龍 光-LK-201RH-管理型滾碼式遙控系統控制主機,龍 光 管理型滾碼式遙控系統控制主機,9EPLK201RH,停 管 配 置,龍 光,LK-201RH,管理型滾碼式遙控系統控制主機,4655,8000,3725,https://drive.google.com/open?id=11ctwg_BUG7l6lL6Wk7h9t3qfIHrExukY&usp=drive_copy
龍 光-LK-4600-1-緊急壓扣開關（防滴防誤觸保護盒）,龍 光 緊急壓扣開關（防滴防誤觸保護盒）,9EGLKLK46001,緊 急 求 救,龍 光,LK-4600-1,緊急壓扣開關（防滴防誤觸保護盒）,286,400,213,https://drive.google.com/open?id=1xeMZK9ju1PQVLRQjVtB8K_JKHnrFrayy&usp=drive_copy
龍 光-LK-4500A-2-緊急壓扣開關-一般型（塑膠蓋板）,龍 光 緊急壓扣開關-一般型（塑膠蓋板）,9EGLKLK4500A2,緊 急 求 救,龍 光,LK-4500A-2,緊急壓扣開關-一般型（塑膠蓋板）,274,300,219,https://drive.google.com/open?id=1hKRyjaxcRIJe5XtoP98tXDSPCn_tkX4q&usp=drive_copy
龍 光-LK-4700AN-緊急壓扣開關-防水型（無段式）,龍 光 緊急壓扣開關-防水型（無段式）,9EGLKLK4700AN0,緊 急 求 救,龍 光,LK-4700AN,緊急壓扣開關-防水型（無段式）,642,900,479,https://drive.google.com/open?id=1sihf9nVQRNc61-rOJZ5KXnu0tBPKOdFF&usp=drive_copy
龍 光-LK-4700AN-緊急壓扣開關-防水型,龍 光 緊急壓扣開關-防水型,9EGLKLK4700AN,緊 急 求 救,龍 光,LK-4700AN,緊急壓扣開關-防水型,571,800,426,https://drive.google.com/open?id=1i6MYm0W39Fr_ieKXtPwoxKOygCjCd8Oz&usp=drive_copy
龍 光-LK-4800A-緊急壓扣開關-拉線型,龍 光 緊急壓扣開關-拉線型,9EGLKLK4800A,緊 急 求 救,龍 光,LK-4800A,緊急壓扣開關-拉線型,754,1100,603,https://drive.google.com/open?id=1Jl1PQwikyKGDky6vXbhQ5TzHPEekOaQU&usp=drive_copy
龍 光-LK-4600AN-緊急壓扣開關-通用型（二段式）,龍 光 緊急壓扣開關-通用型（二段式）,9EGLKLK4600AN,緊 急 求 救,龍 光,LK-4600AN,緊急壓扣開關-通用型（二段式）,199,240,159,https://drive.google.com/open?id=1r3adBEKkOwouyDHF6Jcvy2M8L5llw_ig&usp=drive_copy
龍 光-LK-4600AN-2-緊急壓扣開關-通用型,龍 光 緊急壓扣開關-通用型,9EGLKLK4600AN2,緊 急 求 救,龍 光,LK-4600AN-2,緊急壓扣開關-通用型,286,400,213,https://drive.google.com/open?id=11wk7rMkLXLlah34MDCGS2xSjdTHscLgy&usp=drive_copy
龍 光-LK-4500AL-緊急壓扣開關-燈號顯示型,龍 光 緊急壓扣開關-燈號顯示型,9EGLKLK4500AL,緊 急 求 救,龍 光,LK-4500AL,緊急壓扣開關-燈號顯示型,357,500,266,https://drive.google.com/open?id=1u-Ot8ebay4w1lH6JBy9s3sz0UcDx8kji&usp=drive_copy
龍 光-LK-V01-語音警告報知器,龍 光 語音警告報知器,9EGLKLKV01,緊 急 求 救,龍 光,LK-V01,語音警告報知器,2143,3000,1596,https://drive.google.com/open?id=1qkiFBB0gXlCCsJeOnXJq6gWVBq5OAd2L&usp=drive_copy
龍 光-LK-102RMP-遙控開關（同102RCP）,龍 光 遙控開關（同102RCP）,9EALK102RMP,停 管 配 置,龍 光,LK-102RMP,遙控開關（同102RCP）,286,400,213,https://drive.google.com/open?id=1j85-IV1SoKwybvbfqiJCzfqoFxMdea15&usp=drive_copy
龍 光-LK-102RM+2PN-遙控開關（附2只無滑蓋發射器）,龍 光 遙控開關（附2只無滑蓋發射器）,9EALK102RM2P,停 管 配 置,龍 光,LK-102RM+2PN,遙控開關（附2只無滑蓋發射器）,1214,1700,952,https://drive.google.com/open?id=1eERpN5lOzffCaBhXP7F9hP6EPTSUPzDQ&usp=drive_copy
龍 光-LK-102RM-遙控開關,龍 光 遙控開關,9EALK102RM,停 管 配 置,龍 光,LK-102RM,遙控開關,929,1300,692,https://drive.google.com/open?id=1pCUyX3-_Mnq8Gm_JkdYFr_YRJeE2u2ct&usp=drive_copy
龍 光-LK-201SP-遙控器,龍 光 遙控器,9EPLK201SP,停 管 配 置,龍 光,LK-201SP,遙控器,533,800,426,https://drive.google.com/open?id=1MdzZ0vUYiylJY_HmxIFq2QB7mKgOKGzw&usp=drive_copy
龍 光-LK-95-壁掛式閃光喇叭（12V）,龍 光 壁掛式閃光喇叭（12V）,9EALK95DC24,緊 急 求 救,龍 光,LK-95,壁掛式閃光喇叭（12V）,400,560,310,https://drive.google.com/open?id=12ZhOw617D6mfMZRGhHmLEoS8NQ78gf7I&usp=drive_copy
龍 光-LK-95-壁掛式閃光喇叭（24V）,龍 光 壁掛式閃光喇叭（24V）,9EALKLK95,緊 急 求 救,龍 光,LK-95,壁掛式閃光喇叭（24V）,377,500,302,https://drive.google.com/open?id=12ZhOw617D6mfMZRGhHmLEoS8NQ78gf7I&usp=drive_copy
龍 光-LK-103-雙向號誌主機,龍 光 雙向號誌主機,9EPLK103,停 管 配 置,龍 光,LK-103,雙向號誌主機,3325,5500,2660,https://drive.google.com/open?id=1KvaX-DBWxUSS648J9vAEAQZtFw9j5rQf&usp=drive_copy
龍 光-LK-201RH3-鐵捲門自動下降防壓控制器,龍 光 鐵捲門自動下降防壓控制器,9EGLK201RH3,停 管 配 置,龍 光,LK-201RH3,鐵捲門自動下降防壓控制器,2571,3600,1915,https://drive.google.com/open?id=1I9TQ_OG5ZijHxqXkvZhrilzUatkV8n1z&usp=drive_copy
龍 光-LK-201RHW-遙控接收主機(維根),龍 光 遙控接收主機(維根),9EPLK201RHC,停 管 配 置,龍 光,LK-201RHW,遙控接收主機(維根),5000,7000,3723,
龍 光-LK-201RHC-遙控接收/控制主機,龍 光 遙控接收/控制主機,9EPLK201RHW,停 管 配 置,龍 光,LK-201RHC,遙控接收/控制主機,5000,7000,3725,
茂 訊-A3P-1200200VU-電源供應器（美規）（AR-0600M）,茂 訊 電源供應器（美規）（AR-0600M）,9EASYAR1201A,受 電 供 電,茂 訊,A3P-1200200VU,電源供應器（美規）（AR-0600M）,1429,2000,1064,https://drive.google.com/open?id=1MluZeFr2jKa6NviJG9TjDuKTD99h_2qV&usp=drive_copy
茂 訊-AR-0600M-270-600P磁力鎖,茂 訊 600P磁力鎖,9EASYAR600MDB,門 禁 對 講,茂 訊,AR-0600M-270,600P磁力鎖,3701,5400,2961,https://drive.google.com/open?id=1_U4BujhD6PSH2Kkcik_u4G2syupI5Z_N&usp=drive_copy
茂 訊-AR-0600M-DB-600P磁力鎖（雙門）,茂 訊 600P磁力鎖（雙門）,9EASYAR600MDB,門 禁 對 講,茂 訊,AR-0600M-DB,600P磁力鎖（雙門）,3701,5400,2961,https://drive.google.com/open?id=1j-w2xAmnkA1QEHWSRUTZVOSupAzrrDwF&usp=drive_copy
茂 訊-AR-0600MZL-600P磁力鎖（支架）,茂 訊 600P磁力鎖（支架）,9EYSYAR0600MZL,門 禁 對 講,茂 訊,AR-0600MZL,600P磁力鎖（支架）,754,1000,603,https://drive.google.com/open?id=10FTDpjSo9ZsbsGIRY_PybyGVVMyc7X_u&usp=drive_copy
茂 訊-AR-1200M-1200P磁力鎖,茂 訊 1200P磁力鎖,9EASYAR1200M,門 禁 對 講,茂 訊,AR-1200M,1200P磁力鎖,2286,3200,1890,https://drive.google.com/open?id=1hjqJU1dN2JNrUYGpnbAQm0Z0sGAaro4R&usp=drive_copy
茂 訊-AR-1200MZL-1200P磁力鎖（支架）,茂 訊 1200P磁力鎖（支架）,9EYSYAR1200MZL,門 禁 對 講,茂 訊,AR-1200MZL,1200P磁力鎖（支架）,786,1100,611,https://drive.google.com/open?id=14yhI4EQk3-hm5izUrTaYFjq7lnj9pU2x&usp=drive_copy
茂 訊-AR-1207A-陽極鎖（斷電開）,茂 訊 陽極鎖（斷電開）,9EASYAR1207A,門 禁 對 講,茂 訊,AR-1207A,陽極鎖（斷電開）,1600,2000,1152,https://drive.google.com/open?id=14NEKvEfDHV-5qia8d1bsUtixNgMkYPJx&usp=drive_copy
茂 訊-AR-1213P-櫃子鎖,茂 訊 櫃子鎖,9EGSYAR1213P,門 禁 對 講,茂 訊,AR-1213P,櫃子鎖,343,440,274,https://drive.google.com/open?id=15DPfRhL-iaqewyzbWTOWIocvuyw0W7ji&usp=drive_copy
茂 訊-AR-401-IO-0016R-X-16樓層控制器（塑膠殼底座）,茂 訊 16樓層控制器（塑膠殼底座）,9EASYAR401IO0016RM,通 訊 協 定,茂 訊,AR-401-IO-0016R-X,16樓層控制器（塑膠殼底座）,3427.29,4520,2741.83,https://drive.google.com/open?id=1s4am_VY5Clk0vkZV1rVJOUYzASL9sij6&usp=drive_copy
茂 訊-AR-401-IO-0016R-M-16樓層控制器,茂 訊 16樓層控制器,9EASYAR401IO0016RX,通 訊 協 定,茂 訊,AR-401-IO-0016R-M,16樓層控制器,2468,3600,1974,https://drive.google.com/open?id=1gTTZk1la4HP4NtQyF9ladVUnQF5ZNo8m&usp=drive_copy
茂 訊-AR-403MO4DI4-模組：I／O,茂 訊 模組：I／O,9ESYAR403MO,通 訊 協 定,茂 訊,AR-403MO4DI4,模組：I／O,660,760,528,https://drive.google.com/open?id=1fsFq-mLyKYorIUl1y-AS_3LYn104gZ1t&usp=drive_copy
茂 訊-AR-716-E18-M-A-多門連網控制器（18門）,茂 訊 多門連網控制器（18門）,9EASYAR716E18MA,通 訊 協 定,茂 訊,AR-716-E18-M-A,多門連網控制器（18門）,8637,12600,6909,https://drive.google.com/open?id=1JE_ZLsfU0SWC42pxh5C5X2ZOWIy2wBfi&usp=drive_copy
茂 訊-AR-321L485-5V-TTL轉RS-485轉換器（5V）,茂 訊 TTL轉RS-485轉換器（5V）,9ESAR321L485,門 禁 對 講,茂 訊,AR-321L485-5V,TTL轉RS-485轉換器（5V）,400,600,339,https://drive.google.com/open?id=1Zk9Qcm6o_UKIfF5bYmx83ou4AmpTqOLK&usp=drive_copy
茂 訊-AR-485REP-V3-多重隔離RS485中繼放大器,茂 訊 多重隔離RS485中繼放大器,9EAMCAR485REPV3,門 禁 對 講,茂 訊,AR-485REP-V3,多重隔離RS485中繼放大器,1429,2000,1064,https://drive.google.com/open?id=1JZmlqSxrm7jGeiuNe_S8c_faMl27MyaX&usp=drive_copy
茂 訊-AR-727-CM-485-串列設備連網控制器,茂 訊 串列設備連網控制器,9EBAESY727CMV3,門 禁 對 講,茂 訊,AR-727-CM-485,串列設備連網控制器,1530,2250,1300,https://drive.google.com/open?id=1EBGMfDp_W3XFP8YSXBpxo2SwuICyUB4a&usp=drive_copy
茂 訊-AR-888-WDR11B7-節電器(RF Card),茂 訊 節電器(RF Card),9EAMC888WDR11B7,門 禁 對 講,茂 訊,AR-888-WDR11B7,節電器(RF Card),1439.46,2100,1151.57,https://drive.google.com/open?id=15lAMhL6wpGa-UnOnYEXXZdzKGuxmdW8t&usp=drive_copy
茂 訊-AR-661UG-e-Tag Tools 調校軟體,茂 訊 e-Tag Tools 調校軟體,9EPSYAR661UGV3,停 管 配 置,茂 訊,AR-661UG,e-Tag Tools 調校軟體,25714,36000,19741,https://drive.google.com/open?id=15NZo5tLJ522CyGnTDbEMF8v8hBfs2SEh&usp=drive_copy
茂 訊-AR-661UG-L-e-Tag 手持型UHF辨識資料讀取器 ,茂 訊 e-Tag 手持型UHF辨識資料讀取器,9ESAR661UGL,停 管 配 置,茂 訊,AR-661UG-L,e-Tag 手持型UHF辨識資料讀取器 ,17143,24000,12765,https://drive.google.com/open?id=1Lotr7bPT7UV-pJM0K0x0MNttxgRMesDm&usp=drive_copy
茂 訊-AR-661UG(V2)-e-Tag 固定型UHF長距離感應讀頭 ,茂 訊 e-Tag 固定型UHF長距離感應讀頭,9ESAR661UGV2,停 管 配 置,茂 訊,AR-661UG(V2),e-Tag 固定型UHF長距離感應讀頭 ,17143,24000,12765,https://drive.google.com/open?id=10zNVcf0lwWav2ymZFVtibw8v36Lb_eUy&usp=drive_copy
茂 訊-AR-725-E-按鍵型多功能控制器,茂 訊 按鍵型多功能控制器,9EASY721HDR1N21,門 禁 對 講,茂 訊,AR-725-E,按鍵型多功能控制器,1357.14,1900,1041.9,https://drive.google.com/open?id=1f-YHlb1IEKlqXyCqXy2nTKcOcrLOYD_N&usp=drive_copy
茂 訊-AR-721K-按鍵型門禁讀頭,茂 訊 按鍵型門禁讀頭,9EAMCAR721KDX3N21,門 禁 對 講,茂 訊,AR-721K,按鍵型門禁讀頭,1015,1480,812,https://drive.google.com/open?id=1JT4RdNyIgLtWOGcbTv11STPF2Psh3x2s&usp=drive_copy
茂 訊-AR-721HDR1N21-多功能控制器（13.56MHz+RTC+485）灰色,茂 訊 多功能控制器（13.56MHz+RTC+485）灰色,9ESAR721HBR,門 禁 對 講,茂 訊,AR-721HDR1N21,多功能控制器（13.56MHz+RTC+485）灰色,2062,★★★,1675,https://drive.google.com/open?id=1BMIGa67UKQf8XwG6fl1L6U0VUf915uCT&usp=drive_copy
茂 訊-AR-721-多功能控制器（125KHz）,茂 訊 多功能控制器（125KHz）,9ESAR721HDR,門 禁 對 講,茂 訊,AR-721,多功能控制器（125KHz）,1357,1900,1011,https://drive.google.com/open?id=1stWIetIYYNxPZXsUEEw8DVcZox9Em5F6&usp=drive_copy
茂 訊-AR-721-多功能控制器（13.56MHz）,茂 訊 多功能控制器（13.56MHz）,9ESAR721HDRBK,門 禁 對 講,茂 訊,AR-721,多功能控制器（13.56MHz）,1356,80,1085,https://drive.google.com/open?id=18pCOQ4rP45BibNjv3l_WIVPyJIkjUcIl&usp=drive_copy
茂 訊-AR-721-多功能控制器（13.56MHz）黑色,茂 訊 多功能控制器（13.56MHz）黑色,9ESAR721HDRBK,門 禁 對 講,茂 訊,AR-721,多功能控制器（13.56MHz）黑色,1356,80,1085,https://drive.google.com/open?id=1zz0U1eD5u9PjWAd6ms0wbHTitDu6n72O&usp=drive_copy
茂 訊-AR-837-EFD9DO-液晶顯示門禁控制器（指紋型）（9DO）,茂 訊 液晶顯示門禁控制器（指紋型）（9DO）,9EAMCAR837EF9BR,門 禁 對 講,茂 訊,AR-837-EFD9DO,液晶顯示門禁控制器（指紋型）（9DO）,8225.49,11140,6580.39,https://drive.google.com/open?id=1rDigtYX0orlDPyvf-1YqOKotkiwwQBBF&usp=drive_copy
茂 訊-AR-837Ei-液晶顯示門禁控制器,茂 訊 液晶顯示門禁控制器,9EASYAR837EI,門 禁 對 講,茂 訊,AR-837Ei,液晶顯示門禁控制器,3600,5000,3203,https://drive.google.com/open?id=1zlc3KwPTXnvSLJYrsEckfd-ekkz9UAgD&usp=drive_copy
茂 訊-AR-888-HDR11B7-嵌入式門禁控制器,茂 訊 嵌入式門禁控制器,9EAMC888HDR11B7,門 禁 對 講,茂 訊,AR-888-HDR11B7,嵌入式門禁控制器,2100,2940,1564,https://drive.google.com/open?id=1YaLtVXjIZhgauMXMqX6OVj4WQ3EW41pZ&usp=drive_copy
茂 訊-AR-888-PBI-US-嵌入式紅外線開門按鈕,茂 訊 嵌入式紅外線開門按鈕,9EASYARPBI888US,門 禁 對 講,茂 訊,AR-888-PBI-US,嵌入式紅外線開門按鈕,699,1020,559,https://drive.google.com/open?id=1RQYBMPiF_-pFolSz96_X1lsixINa30Oj&usp=drive_copy
茂 訊-AR-TAGCI3W50F-MF06-通用型 ISO 薄卡,茂 訊 通用型 ISO 薄卡,9ESAR3W50F,門 禁 對 講,茂 訊,AR-TAGCI3W50F-MF06,通用型 ISO 薄卡,26,36,20,https://drive.google.com/open?id=1i85gdmJqWdBjXhDPoMy0PjcukaH9dAJV&usp=drive_copy
茂 訊-AR-TAGCI73W20F-MF06-通用型 鑰匙圈（方形-噴墨款）,茂 訊 通用型 鑰匙圈（方形-噴墨款）,9ESAR73W20F,門 禁 對 講,茂 訊,AR-TAGCI73W20F-MF06,通用型 鑰匙圈（方形-噴墨款）,26,36,20,https://drive.google.com/open?id=1Yo523e5cY7rhQC3PPsUbFveQpkqmOUHK&usp=drive_copy
茂 訊-AR-TAGCI8W50F-e-Tag 860～960MHz UHF（ISO薄卡）,茂 訊 e-Tag 860～960MHz UHF（ISO薄卡）,9EPSAARTAGT99,停 管 配 置,茂 訊,AR-TAGCI8W50F,e-Tag 860～960MHz UHF（ISO薄卡）,46,64,34,https://drive.google.com/open?id=1KPmelVkJtYKauyqYfAqDi2FrYSqs1Rnm&usp=drive_copy
茂 訊-AR-TAGT99WO1F-e-Tag 860～960MHz UHF（貼紙）,茂 訊 e-Tag 860～960MHz UHF（貼紙）,9ESARTAGCI8W50F,停 管 配 置,茂 訊,AR-TAGT99WO1F,e-Tag 860～960MHz UHF（貼紙）,57,80,45,https://drive.google.com/open?id=1szeuimVUoDQJrPYSrW2X9A0xlRi9GCTq&usp=drive_copy
茂 訊-AR-TAGK33W20F-MF18-Mifare鑰匙圈（長碼型）,茂 訊 Mifare鑰匙圈（長碼型）,9ESYARTAGK33W20FMF06,門 禁 對 講,茂 訊,AR-TAGK33W20F-MF18,Mifare鑰匙圈（長碼型）,21,30,17,https://drive.google.com/open?id=1BkgX3z5rdZ_nImU4ctGjfDR9P2D93qbN&usp=drive_copy
茂 訊-AR-TAGK33W20F-MF06-Mifare鑰匙圈（通用型）,茂 訊 Mifare鑰匙圈（通用型）,9EASY33W20FMF18,門 禁 對 講,茂 訊,AR-TAGK33W20F-MF06,Mifare鑰匙圈（通用型）,32,40,25,https://drive.google.com/open?id=15_6yIwWiQLPQmOvHH_W0EFd51fjcX7Bp&usp=drive_copy
茂 訊-AR-PB-7A-GR-SN-防水型開門按鈕GR,茂 訊 防水型開門按鈕GR,9EASYPB7ABRSE,門 禁 對 講,茂 訊,AR-PB-7A-GR-SN,防水型開門按鈕GR,357,500,280,https://drive.google.com/open?id=1Hzkm22hp_-L5VeYGe0l8oIa2A4Jd871V&usp=drive_copy
茂 訊-AR-PB-7A-BR-SE-防水型開門按鈕BR,茂 訊 防水型開門按鈕BR,9EASYARPB7AGRSN,門 禁 對 講,茂 訊,AR-PB-7A-BR-SE,防水型開門按鈕BR,357,500,266,https://drive.google.com/open?id=1PzrIKxTbHXs3MbYY2Ri0u14wFlKNgVE4&usp=drive_copy
茂 訊-AR-PB2-072122-不鏽鋼開門按鈕（US）,茂 訊 不鏽鋼開門按鈕（US）,9EASYPB2072122,門 禁 對 講,茂 訊,AR-PB2-072122,不鏽鋼開門按鈕（US）,452.4,560,361.92,https://drive.google.com/open?id=1L_pmgbM38C7XZXuXDUatZKN8GX8T4ouQ&usp=drive_copy
茂 訊-AR-PB2-041108-不鏽鋼開門按鈕（美規窄版）,茂 訊 不鏽鋼開門按鈕（美規窄版）,★★★,門 禁 對 講,茂 訊,AR-PB2-041108,不鏽鋼開門按鈕（美規窄版）,★★★,★★★,★★★,https://drive.google.com/open?id=1NAQG23UROwcQ5KPIBzPO8AdV3M6a30Q-&usp=drive_copy
茂 訊-AR-101-PBI-GR-L-7M E5-非接觸紅外線開關7M,茂 訊 非接觸紅外線開關7M,9EASYAR101PBIGR7A,門 禁 對 講,茂 訊,AR-101-PBI-GR-L-7M E5,非接觸紅外線開關7M,521,760,417,https://drive.google.com/open?id=1LGSWlH-_upwZE4Ru6r4zyUv4U88S2au1&usp=drive_copy
茂 訊-AR-101-PBI-GR-L-9M E5-非接觸紅外線開關9M,茂 訊 非接觸紅外線開關9M,9EASYAR101PBIGR,門 禁 對 講,茂 訊,AR-101-PBI-GR-L-9M E5,非接觸紅外線開關9M,500,700,420,https://drive.google.com/open?id=1YdLM8kEr0ZRtT-DaLEY7ZQXG99Ij83vq&usp=drive_copy
茂 訊-DMET-PB-不鏽鋼修飾面板（銀色）,茂 訊 不鏽鋼修飾面板（銀色）,9EASYDMETPBS,門 禁 對 講,茂 訊,DMET-PB,不鏽鋼修飾面板（銀色）,71,100,53,https://drive.google.com/open?id=1CfNEMv4qCkGTjBH86qy5waAwAaA-1XI4&usp=drive_copy
茂 訊-DPLA-PB-防刮修飾面板（銀色）,茂 訊 防刮修飾面板（銀色）,9EASYDPLAPBS,門 禁 對 講,茂 訊,DPLA-PB,防刮修飾面板（銀色）,143,200,109,https://drive.google.com/open?id=1ER9B4RbxFdtByusfQY8emuesbh7Dqkxl&usp=drive_copy
明 緯-LRS-350-12-電源供應器 12V29A,明 緯 電源供應器 12V29A,9EYMWLRS7524V32A,受 電 供 電,明 緯,LRS-350-12,電源供應器 12V29A,315,460,252,https://drive.google.com/open?id=1_Dfn52cv2iV5VDR5oNHXk9mziMtlgVx8&usp=drive_copy
明 緯-LRS-25-12-電源供應器 12V2A,明 緯 電源供應器 12V2A,9EYLRS7515V5A,受 電 供 電,明 緯,LRS-25-12,電源供應器 12V2A,400,500,274,https://drive.google.com/open?id=1hqv8FWmC3_lWGiLBy3WNG_zbFDwHvr98&usp=drive_copy
明 緯-LRS-450-12-電源供應器 12V37.5A,明 緯 電源供應器 12V37.5A,9ZASMWLRS7512,受 電 供 電,明 緯,LRS-450-12,電源供應器 12V37.5A,420,500,360,https://drive.google.com/open?id=1XEMhbfJZWx7AgN06lDATYw9jLk41qCrC&usp=drive_copy
明 緯-LRS-35-12-電源供應器 12V3A,明 緯 電源供應器 12V3A,9EYLRS5024V22A,受 電 供 電,明 緯,LRS-35-12,電源供應器 12V3A,279,390,216,https://drive.google.com/open?id=16zLTpwTFRGcaDpcIgeBVeZ-L8OWaqUGT&usp=drive_copy
明 緯-LRS-50-12-電源供應器 12V4.2A,明 緯 電源供應器 12V4.2A,9EYLRS5012V42A,受 電 供 電,明 緯,LRS-50-12,電源供應器 12V4.2A,321,450,266,https://drive.google.com/open?id=1XM7RBzL5Qb8yOahZYYpRAcu8D4yJ3aPm&usp=drive_copy
明 緯-LRS-75-12-電源供應器 12V6A（單組輸出）,明 緯 電源供應器 12V6A（單組輸出）,9EYLRS45012,受 電 供 電,明 緯,LRS-75-12,電源供應器 12V6A（單組輸出）,1375,1880,1031,https://drive.google.com/open?id=1sUA3B2x0NfqoAIhmoGXHJnH0stb5ca5G&usp=drive_copy
明 緯-LRS-100-12-電源供應器 12V8.5A,明 緯 電源供應器 12V8.5A,9EYLRS6512V3A,受 電 供 電,明 緯,LRS-100-12,電源供應器 12V8.5A,357,500,266,https://drive.google.com/open?id=1cMVFYN3IpUV6lTkfMammjxO6Ce2-m-9o&usp=drive_copy
明 緯-LRS-150-12-電源供應器 15V10A,明 緯 電源供應器 15V10A,9EYMYLRS35012,受 電 供 電,明 緯,LRS-150-12,電源供應器 15V10A,1110,1619,888,https://drive.google.com/open?id=1aGvSyqyHr-LPDQVXQSjzpjGZDYX-Va66&usp=drive_copy
明 緯-LRS-150-15-電源供應器 15V10A,明 緯 電源供應器 15V10A,9EYLRS2512V2A,受 電 供 電,明 緯,LRS-150-15,電源供應器 15V10A,243,340,188,https://drive.google.com/open?id=1oxu_HPBFB0hcPJvLRTFZDx4clFz2HMdh&usp=drive_copy
明 緯-LRS-75-24-電源供應器 15V5A,明 緯 電源供應器 15V5A,9EYLRS20024V88A,受 電 供 電,明 緯,LRS-75-24,電源供應器 15V5A,629,880,468,https://drive.google.com/open?id=1D7HfKTVpyaMtAkJ-DqC35W9DsKhwxclW&usp=drive_copy
明 緯-LRS-100-15-電源供應器 15V7A,明 緯 電源供應器 15V7A,9EYLRS15024V65A,受 電 供 電,明 緯,LRS-100-15,電源供應器 15V7A,857.14,1200,658,https://drive.google.com/open?id=1B8q6o2O7aeMSbWZEvfJPFGd3_lVKsQca&usp=drive_copy
明 緯-LRS-50-24-電源供應器 24V2.2A,明 緯 電源供應器 24V2.2A,9EYMWLRS15015,受 電 供 電,明 緯,LRS-50-24,電源供應器 24V2.2A,562.08,720,449.66,https://drive.google.com/open?id=1Wa5yWp4GMiwPOz8BCF-S3yW3ksqEATYS&usp=drive_copy
明 緯-LRS-75-15-電源供應器 24V3.2A,明 緯 電源供應器 24V3.2A,9EYLRS15012V,受 電 供 電,明 緯,LRS-75-15,電源供應器 24V3.2A,466,680,373,https://drive.google.com/open?id=1Fre-IbiqBBkgF7-CFZvzA3abW3Byd5Vc&usp=drive_copy
明 緯-LRS-100-24-電源供應器 24V4.5A,明 緯 電源供應器 24V4.5A,9EYMYLRS10024,受 電 供 電,明 緯,LRS-100-24,電源供應器 24V4.5A,486,680,373,https://drive.google.com/open?id=1a7Xiap2-YYoARIC43Bre7O8vMXXjBR76&usp=drive_copy
明 緯-LRS-150-24-電源供應器 24V6.5A,明 緯 電源供應器 24V6.5A,9EYMYLRS10015,受 電 供 電,明 緯,LRS-150-24,電源供應器 24V6.5A,600,840,460,https://drive.google.com/open?id=1yAOO84wEUn8wpOA3965O6LW4OZFPDpEC&usp=drive_copy
明 緯-LRS-200-24-電源供應器 24V8.8A,明 緯 電源供應器 24V8.8A,9EYMYLRS10012,受 電 供 電,明 緯,LRS-200-24,電源供應器 24V8.8A,356.44,520,285.15,https://drive.google.com/open?id=1OaxXUM8jfOtGrFjd5P1HpuRrLh49JG4u&usp=drive_copy
訊 舟-ES-3205P-5埠網路交換器,訊 舟 5埠網路交換器,9CWCJES3205P,有 線 傳 輸,訊 舟,ES-3205P,5埠網路交換器,293,★★★,263.96,https://drive.google.com/open?id=1WqdrYESVp5mx83fV7zUfbpo1bepUQpjq&usp=drive_fs
訊 舟-GS-1105PE-5埠Gigabit PoE+交換器,訊 舟 5埠Gigabit PoE+交換器,9CWCJGS1105PE,有 線 傳 輸,訊 舟,GS-1105PE,5埠Gigabit PoE+交換器,1920,2950,1630,https://drive.google.com/open?id=18oN5UrmHMCeHGL_9vrJRK-hfIZn-t_Yi&usp=drive_fs
訊 舟-GS-1024-24埠Gigabit 網路交換器,訊 舟 24埠Gigabit 網路交換器,9CWCJGS1024,有 線 傳 輸,訊 舟,GS-1024,24埠Gigabit 網路交換器,2100,3250,1966,https://drive.google.com/open?id=1UrfkzknNrYBb-L1batwSCFRZB487ZD_g&usp=drive_fs
訊 舟-GS-1008PL V2-8埠Gigabit PoE+交換器,訊 舟 8埠Gigabit PoE+交換器,9CWCJGS1008PLV2,有 線 傳 輸,訊 舟,GS-1008PL V2,8埠Gigabit PoE+交換器,2750,3670,2467,https://drive.google.com/open?id=1f9iVZiOi12Ol6vvebSDFOI_Ve_8AAL-E&usp=drive_fs
訊 舟-GS-5008E-8埠Gigabit 智慧型網路交換器,訊 舟 8埠Gigabit 智慧型網路交換器,9CWCJGS5008E,有 線 傳 輸,訊 舟,GS-5008E,8埠Gigabit 智慧型網路交換器,1035,1480,916,https://drive.google.com/open?id=1jFnMNC0XpjEs9nq556d_n3WksOwzlNDV&usp=drive_fs
訊 舟-GS-5208PLG-8埠Gigabit 智慧型網管PoE交換器,訊 舟 8埠Gigabit 智慧型網管PoE交換器,9CWCJGS5208PLG,有 線 傳 輸,訊 舟,GS-5208PLG,8埠Gigabit 智慧型網管PoE交換器,5000,7800,4600,https://drive.google.com/open?id=1G_ptuq_4gRoJLnKDOMvQDl2Va69HPSmH&usp=drive_copy
訊 舟-GS-5210PLG-10埠Gigabit 智慧型網管PoE交換器,訊 舟 10埠Gigabit 智慧型網管PoE交換器,9CWCJGS5210PLMIT,有 線 傳 輸,訊 舟,GS-5210PLG,10埠Gigabit 智慧型網管PoE交換器,6850,9750,5920,https://drive.google.com/open?id=17jOt7NoSQeZoGIZ_wPzlqgaKmrU3qYdx&usp=drive_fs
訊 舟-IGS-1105P-5埠工業用寬溫長距離PoE+交換器,訊 舟 5埠工業用寬溫長距離PoE+交換器,9CWCJIGS1105P,有 線 傳 輸,訊 舟,IGS-1105P,5埠工業用寬溫長距離PoE+交換器,4300,6760,3597,https://drive.google.com/open?id=14qQoIpyP8sqRtbA5g8Br-k6-_5gm-skV&usp=drive_fs
訊 舟-IGS-1210P-10埠工業用寬溫長距離PoE+網路交換器,訊 舟 10埠工業用寬溫長距離PoE+網路交換器,9CWCJIGS1210PV2,有 線 傳 輸,訊 舟,IGS-1210P,10埠工業用寬溫長距離PoE+網路交換器,5500,8700,4640,https://drive.google.com/open?id=1C7GrlKE1WpnnFNgPXzbJGDQ06SJK1KuN&usp=drive_fs
訊 舟-GS-5216PLC-16埠Gigabit+2埠Gigabit RJ45+SFP 智慧型網管PoE交換器,訊 舟 16埠Gigabit+2埠Gigabit RJ45+SFP 智慧型網管PoE交換器,9CWCJGS5216PLC,有 線 傳 輸,訊 舟,GS-5216PLC,16埠Gigabit+2埠Gigabit RJ45+SFP 智慧型網管PoE交換器,10500,17600,9408,https://drive.google.com/open?id=1FN6rZ8Ff9YA_hgcUxg7GBwrVXxwRipLk&usp=drive_fs
訊 舟-GS-5216PLC V2-16埠Gigabit L2 網管型 PoE+網路交換器,訊 舟 16埠Gigabit L2 網管型 PoE+網路交換器,9CWCJGS5216PLCV2,有 線 傳 輸,訊 舟,GS-5216PLC V2,16埠Gigabit L2 網管型 PoE+網路交換器,10500,17600,9509,https://drive.google.com/open?id=1gxtcm4saVFNOcDJ_PLzSTJ-ga2O87zYF&usp=drive_fs
訊 舟-GS-1016 V2-16埠Gigabit網路交換器,訊 舟 16埠Gigabit網路交換器,9CWCJGS1016V2,有 線 傳 輸,訊 舟,GS-1016 V2,16埠Gigabit網路交換器,1750,2680,1601,https://drive.google.com/open?id=1ZyP56sa6NBm_eWXOKPIUTNU7hpqo-rJb&usp=drive_fs
訊 舟-GS-1026 V2-24埠Gigabit+2埠SFP機架式交換器,訊 舟 24埠Gigabit+2埠SFP機架式交換器,9CWCJGS1026V2,有 線 傳 輸,訊 舟,GS-1026 V2,24埠Gigabit+2埠SFP機架式交換器,2900,4990,2547,https://drive.google.com/open?id=1cjUXzfuMIEfhQ7XmabRr-eK0quagDmie&usp=drive_fs
訊 舟-GS-5424PLC V3-24埠Gigabit+4埠10GSFP+ PoE+網管交換器,訊 舟 24埠Gigabit+4埠10GSFP+ PoE+網管交換器,9CWCJGS5424PLCV3,有 線 傳 輸,訊 舟,GS-5424PLC V3,24埠Gigabit+4埠10GSFP+ PoE+網管交換器,14500,23500,12590,https://drive.google.com/open?id=18L74LZYjychwnPv-slr6wOejnfPyfbTH&usp=drive_fs
訊 舟-GS-5424PLX-24埠Gigabit+4埠Gigabit RJ45+SFP PoE網管交換器,訊 舟 24埠Gigabit+4埠Gigabit RJ45+SFP PoE網管交換器,9CWCJGS5424PLX,有 線 傳 輸,訊 舟,GS-5424PLX,24埠Gigabit+4埠Gigabit RJ45+SFP PoE網管交換器,16500,27500,14541,https://drive.google.com/open?id=1Jznth1I-v1pPyVYMhI5IbZo2VOXMPxEC&usp=drive_fs
訊 舟-GS-5424G-24埠Gigabit+4埠SFP智慧型網管高速網路交換器,訊 舟 24埠Gigabit+4埠SFP智慧型網管高速網路交換器,9CWCJGS5424G,有 線 傳 輸,訊 舟,GS-5424G,24埠Gigabit+4埠SFP智慧型網管高速網路交換器,5300,8040,4880,https://drive.google.com/open?id=1lhA1aMlNZP-GCpUBbzj17K7a9LNWL3fe&usp=drive_fs
訊 舟-FS-5428X-28埠GigabitSFP全光纖L2+網管交換器,訊 舟 28埠GigabitSFP全光纖L2+網管交換器,9CWCJFS5428X,有 線 傳 輸,訊 舟,FS-5428X,28埠GigabitSFP全光纖L2+網管交換器,70000,54000,60320,https://drive.google.com/open?id=1Tje3XruDZXvFR7jmuuLLyVVYVU0bqQxL&usp=drive_fs
訊 舟-CAP300-300Mbps高速PoE吸頂式基地台,訊 舟 300Mbps高速PoE吸頂式基地台,9CWCJCAP300,無 線 網 路,訊 舟,CAP300,300Mbps高速PoE吸頂式基地台,2050,4200,1656,https://drive.google.com/open?id=1NcFJgKHI3cozKRrRaC94zQIymzc620rK&usp=drive_copy
訊 舟-GS-5654LX-48埠Gigabit+6埠10GSFP+網管交換器,訊 舟 48埠Gigabit+6埠10GSFP+網管交換器,9CWCJGS5654LXMIT,有 線 傳 輸,訊 舟,GS-5654LX,48埠Gigabit+6埠10GSFP+網管交換器,22000,43500,17548,https://drive.google.com/open?id=1f_2qPKJyK-ZvZyzKxkTc6rm37yI4m-pY&usp=drive_copy
訊 舟-BR-6478AC V2-AC1200 VPN Gigabit無線網路分享器,訊 舟 AC1200 VPN Gigabit無線網路分享器,9CWCJBR6478ACV2,無 線 網 路,訊 舟,BR-6478AC V2,AC1200 VPN Gigabit無線網路分享器,1500,1700,1211,https://drive.google.com/open?id=158kbBs0ZrxHuRF9lDSli-7_vxkqKdQ2g&usp=drive_copy
訊 舟-IAP1200-AC1200入牆式PoE無線基地台,訊 舟 AC1200入牆式PoE無線基地台,9CWCJIAP1200,無 線 網 路,訊 舟,IAP1200,AC1200入牆式PoE無線基地台,2800,5150,2530,https://drive.google.com/open?id=1weAicx7Coy4dRyT1ci7sFxfg6ckbed-i&usp=drive_copy
訊 舟-CAP1200-AC1200長距離吸頂式無線基地台,訊 舟 AC1200長距離吸頂式無線基地台,9CWCJCAP1200,無 線 網 路,訊 舟,CAP1200,AC1200長距離吸頂式無線基地台,3850,6000,3105,https://drive.google.com/open?id=1nigX4Te0Df1jCbfqLV6z-CP7WLMSkyYs&usp=drive_copy
訊 舟-OAP1300 V2-AC1300Wave2 戶外型PoE無線基地台,訊 舟 AC1300Wave2 戶外型PoE無線基地台,9CWCJOAP1300V2,無 線 網 路,訊 舟,OAP1300 V2,AC1300Wave2 戶外型PoE無線基地台,6100,9850,5319,https://drive.google.com/open?id=1gTavCpNrwP9WllgbLKnMT--_9JFbuZtS&usp=drive_copy
訊 舟-CAP1300-AC1300Wave2 長距離吸頂式無線基地台,訊 舟 AC1300Wave2 長距離吸頂式無線基地台,9CWCJCAP1300,無 線 網 路,訊 舟,CAP1300,AC1300Wave2 長距離吸頂式無線基地台,3250,6600,2688,https://drive.google.com/open?id=1aSVBz5oedPijaF1vXXGiPRa6iLghkwKI&usp=drive_copy
訊 舟-OAP1750-AC1750 雙頻戶外型PoE無線基地台,訊 舟 AC1750 雙頻戶外型PoE無線基地台,9CWCJOAP1750,無 線 網 路,訊 舟,OAP1750,AC1750 雙頻戶外型PoE無線基地台,24000,35900,21386,https://drive.google.com/open?id=1Bx0_cPf3qopKpY87PgnK-mDH9p8dgf3w&usp=drive_copy
訊 舟-RG21S-AC2600MU-MIMO智慧漫遊無線網路分享器,訊 舟 AC2600MU-MIMO智慧漫遊無線網路分享器,9CWCJRG21S,無 線 網 路,訊 舟,RG21S,AC2600MU-MIMO智慧漫遊無線網路分享器,1800,5040,1610,https://drive.google.com/open?id=1ee-4pTXU6ZTrjLLRXli05VUtaFgzAgkK&usp=drive_copy
訊 舟-BR-6288ACL-AC600 玩家無線網路分享器,訊 舟 AC600 玩家無線網路分享器,9CWCJBR6288ACL,無 線 網 路,訊 舟,BR-6288ACL,AC600 玩家無線網路分享器,550,745,500,https://drive.google.com/open?id=1Y3oXU13OAFyn6l3nHg0joRFZoZd2tBP2&usp=drive_copy
訊 舟-BR-6208AC-AC750 多模式無線網路寬頻分享器,訊 舟 AC750 多模式無線網路寬頻分享器,9CWCJBR6208AC,無 線 網 路,訊 舟,BR-6208AC,AC750 多模式無線網路寬頻分享器,780,1360,700,https://drive.google.com/open?id=1T9WcXy9DMGWmYGi7dPTbhIubyKcrynn3&usp=drive_copy
訊 舟-OAP900-AC900 長距離室外無線基地台,訊 舟 AC900 長距離室外無線基地台,9CWCJOAP900,無 線 網 路,訊 舟,OAP900,AC900 長距離室外無線基地台,6280,9850,4895,https://drive.google.com/open?id=1C3JmNCJRG6PzJqW1J_0IKB2bKaeA04tu&usp=drive_copy
訊 舟-CAX1800-AX1800Wi-Fi6雙頻吸頂式PoE無線基地台,訊 舟 AX1800Wi-Fi6雙頻吸頂式PoE無線基地台,9CWCJCAX1800,無 線 網 路,訊 舟,CAX1800,AX1800Wi-Fi6雙頻吸頂式PoE無線基地台,4700,7950,4133,https://drive.google.com/open?id=10nibKhMDp7DQi-xrzOrN2v9XbcJX1g5w&usp=drive_copy
訊 舟-GP-101IT-PoE網路供電器,訊 舟 PoE網路供電器,9CWCJGP101IT,受 電 供 電,訊 舟,GP-101IT,PoE網路供電器,800,1270,707,https://drive.google.com/open?id=1A8BxlJdCkTDN27RSFHe9M5wGkV_AsC5A&usp=drive_copy
訊 舟-FR-100-多功能整合式次世代防火牆,訊 舟 多功能整合式次世代防火牆,9CWCJFR100,通 訊 協 定,訊 舟,FR-100,多功能整合式次世代防火牆,12500,18000,10616,https://drive.google.com/open?id=1Hv9uby9yfj6iUHYtpDHuypqxjC3V4iIM&usp=drive_copy
訊 舟-FR-200-多功能整合式次世代防火牆,訊 舟 多功能整合式次世代防火牆,9CWCJFR200,通 訊 協 定,訊 舟,FR-200,多功能整合式次世代防火牆,65000,79000,51546,https://drive.google.com/open?id=1PSMI7BAbCHA-4lcmJp2QhkKg6FROezW1&usp=drive_copy
訊 舟-ES-5104PH V2-長距離5埠PoE+高速乙太網路交換器,訊 舟 長距離5埠PoE+高速乙太網路交換器,9CWCJES5104PHV2,有 線 傳 輸,訊 舟,ES-5104PH V2,長距離5埠PoE+高速乙太網路交換器,1530,1950,1367,https://drive.google.com/open?id=1TNsLEIqSkGhWsa6HGyi11A-xrSjCK6Hj&usp=drive_copy
訊 舟-ES-1008PH V2-長距離8埠PoE+高速乙太網路交換器,訊 舟 長距離8埠PoE+高速乙太網路交換器,9CWCJES1008PV2,有 線 傳 輸,訊 舟,ES-1008PH V2,長距離8埠PoE+高速乙太網路交換器,3360,4200,2963,https://drive.google.com/open?id=1KXGvyURlqRpQb1Yf1Dm7nnSRH8pVc3t1&usp=drive_copy
訊 舟-APC500-無線基地台控制器,訊 舟 無線基地台控制器,9CWCJAPC500,無 線 網 路,訊 舟,APC500,無線基地台控制器,7600,8900,6800,https://drive.google.com/open?id=1ZcqhEDhEyMVoupn8RBiuD1wRZolo2VWu&usp=drive_copy
訊 舟-MG-1000AS1 V2-模組：SFP光纖,訊 舟 模組：SFP光纖,9CWCJMG1000AS1V2,通 訊 協 定,訊 舟,MG-1000AS1 V2,模組：SFP光纖,650,900,576,https://drive.google.com/open?id=11gBT_17n9d__gbUs1wdGKckW3E_OVvNN&usp=drive_copy
研 華-AVH1109AX-U1-1 HDD+ & 9 CH（PoE 8 CH）NVR,研 華 1 HDD+ & 9 CH（PoE 8 CH）NVR,9VCGSAVH1109AXU1,錄 影 主 機,研 華,AVH1109AX-U1,1 HDD+ & 9 CH（PoE 8 CH）NVR,8130,12600,6909,https://drive.google.com/open?id=1JZIZ0DqHKwYBGA94jXmmwm8jbm3BerbF&usp=drive_copy
研 華-AVH2116AX-U1-4 HDD+ & 9 CH（PoE 8 CH）NVR,研 華 4 HDD+ & 9 CH（PoE 8 CH）NVR,9VCGSAVH2109AX,錄 影 主 機,研 華,AVH2116AX-U1,4 HDD+ & 9 CH（PoE 8 CH）NVR,9040,14000,7677,https://drive.google.com/open?id=14XRAE9VBQXUTuU2wuBMHFgcg1oViscbI&usp=drive_copy
研 華-AVH2109AX-U1-3 HDD+ & 9 CH（PoE 8 CH）NVR,研 華 3 HDD+ & 9 CH（PoE 8 CH）NVR,9VCGSAVH2109AXU1,錄 影 主 機,研 華,AVH2109AX-U1,3 HDD+ & 9 CH（PoE 8 CH）NVR,9040,14000,7677,https://drive.google.com/open?id=1HBx69GEHcWoQC86oV2akbezrYt8bUbV6&usp=drive_copy
研 華-AVH2117AX-U1-6 HDD+ & 9 CH（PoE 8 CH）NVR,研 華 6 HDD+ & 9 CH（PoE 8 CH）NVR,9VCGSAVH2117AXU1,錄 影 主 機,研 華,AVH2117AX-U1,6 HDD+ & 9 CH（PoE 8 CH）NVR,14530,21000,12346,https://drive.google.com/open?id=1qoUWVucJSkgGKIYG6TRhlwXoao5Q-_A2&usp=drive_copy
研 華-DGH8516AX(US)-U1-8 HDD+ & 16 CH NVR,研 華 8 HDD+ & 16 CH NVR,9VCGSAVH8516AX,錄 影 主 機,研 華,DGH8516AX(US)-U1,8 HDD+ & 16 CH NVR,14540,20000,10967,https://drive.google.com/open?id=17qn1eBkQ8Fe4aTzS7TiJun_hgOqHQbE-&usp=drive_copy
研 華-DGH8516AIX(US)-U1-8 HDD+ & 16 CH NVR,研 華 8 HDD+ & 16 CH NVR,9VCGSAVH8536AIX,錄 影 主 機,研 華,DGH8516AIX(US)-U1,8 HDD+ & 16 CH NVR,23040,34600,19581,https://drive.google.com/open?id=1_4XilTHNt6gIgBhmsZD_n_CKaA38uufs&usp=drive_copy
研 華-DGH8516AX(US)-U1-8 HDD+ & 16 CH NVR,研 華 8 HDD+ & 16 CH NVR,9VCGSAVH8536AX,錄 影 主 機,研 華,DGH8516AX(US)-U1,8 HDD+ & 16 CH NVR,21290,33000,18096,https://drive.google.com/open?id=17qn1eBkQ8Fe4aTzS7TiJun_hgOqHQbE-&usp=drive_copy
研 華-DGH8564AX(US)-U1-8 HDD+ & 64 CH NVR,研 華 8 HDD+ & 64 CH NVR,9VCGSAVH8564AX,錄 影 主 機,研 華,DGH8564AX(US)-U1,8 HDD+ & 64 CH NVR,25430,36000,21608,https://drive.google.com/open?id=1zhGzfkwL3JsFrv27KmB1-P0QzgI0TlxW&usp=drive_copy
研 華-DGM2103SVT-2MP f2.8 Bullet IP Cam,研 華 2MP f2.8 Bullet IP Cam,9VCGSDGM2103SVTS03,監 視 錄 影,研 華,DGM2103SVT,2MP f2.8 Bullet IP Cam,1930,2900,1641,https://drive.google.com/open?id=12o6ZDE6q7n99xr1nZ2ehgGVn01sWlxmw&usp=drive_copy
研 華-DGM2103SVT-2MP f3.6 Bullet IP Cam,研 華 2MP f3.6 Bullet IP Cam,9VCGSDGM2103SVTS04,監 視 錄 影,研 華,DGM2103SVT,2MP f3.6 Bullet IP Cam,1930,2800,1635,https://drive.google.com/open?id=12o6ZDE6q7n99xr1nZ2ehgGVn01sWlxmw&usp=drive_copy
研 華-DGM3104SCT-3MP f2.8 Dome IP Cam,研 華 3MP f2.8 Dome IP Cam,9VCGSDGM3104SCTS04,監 視 錄 影,研 華,DGM3104SCT,3MP f2.8 Dome IP Cam,1550,2300,1288,https://drive.google.com/open?id=1ppknaxLYAbrqtO1MJ4DhGCUE9Lxj6x4k&usp=drive_copy
研 華-DGM3104SCT-3MP f3.6 Dome IP Cam,研 華 3MP f3.6 Dome IP Cam,9VCGSDGM3104SCTS03,監 視 錄 影,研 華,DGM3104SCT,3MP f3.6 Dome IP Cam,1590,2300,1316,https://drive.google.com/open?id=1ppknaxLYAbrqtO1MJ4DhGCUE9Lxj6x4k&usp=drive_copy
研 華-DGM3202SCT-3MP f2.8 Dome IP Cam,研 華 3MP f2.8 Dome IP Cam,9VCGSDGM3202SCTS03,監 視 錄 影,研 華,DGM3202SCT,3MP f2.8 Dome IP Cam,1590,2440,1371,https://drive.google.com/open?id=14ThE6GJwqiIBsmCViELSA5VY5VD2eI_P&usp=drive_copy
研 華-DGM3202SCT-3MP f3.6 Dome IP Cam,研 華 3MP f3.6 Dome IP Cam,9VCGSDGM3202SCT,監 視 錄 影,研 華,DGM3202SCT,3MP f3.6 Dome IP Cam,1620,2500,1371,https://drive.google.com/open?id=14ThE6GJwqiIBsmCViELSA5VY5VD2eI_P&usp=drive_copy
研 華-DGM3204SCT-3MP f2.8 Dome IP Cam,研 華 3MP f2.8 Dome IP Cam,9VCGSDGM3204SCTS03,監 視 錄 影,研 華,DGM3204SCT,3MP f2.8 Dome IP Cam,1550,2300,1288,https://drive.google.com/open?id=1oqg0z4XrhLPw34zUBKZ4yVtJPLC-yUOx&usp=drive_copy
研 華-DGM3204SCT-3MP f3.6 Dome IP Cam,研 華 3MP f3.6 Dome IP Cam,9VCGSDGM3204SCTS04,監 視 錄 影,研 華,DGM3204SCT,3MP f3.6 Dome IP Cam,1590,2300,1316,https://drive.google.com/open?id=1oqg0z4XrhLPw34zUBKZ4yVtJPLC-yUOx&usp=drive_copy
研 華-DGM2443ASVSE-2MP Motorized f2.8-f12mm&F1.6-F2.8(AutoFocus) Dome IP Cam,研 華 2MP Motorized f2.8-f12mm&F1.6-F2.8(AutoFocus) Dome IP Cam,9VCGSDGM2443ASVSE,監 視 錄 影,研 華,DGM2443ASVSE,2MP Motorized f2.8-f12mm&F1.6-F2.8(AutoFocus) Dome IP Cam,4120,5400,3504,https://drive.google.com/open?id=1W1U-oRCuxBklrZNEmVM3YdOJcL-ERBBc&usp=drive_copy
研 華-DGM5203GCAT-5MP f2.8 Dome IP Cam,研 華 5MP f2.8 Dome IP Cam,9VCGSDGM5203GCATS03,監 視 錄 影,研 華,DGM5203GCAT,5MP f2.8 Dome IP Cam,1900,2940,1612,https://drive.google.com/open?id=1k9yQGL-ZM7dpFmPGvf_34bFJZ3usvEso&usp=drive_copy
研 華-DGM5203GCAT-5MP f3.6 Dome IP Cam,研 華 5MP f3.6 Dome IP Cam,9VCGSDGM5203GCAT,監 視 錄 影,研 華,DGM5203GCAT,5MP f3.6 Dome IP Cam,1880,2900,1590,https://drive.google.com/open?id=1k9yQGL-ZM7dpFmPGvf_34bFJZ3usvEso&usp=drive_copy
研 華-DGM5546SVAT-5MP Motorized f2.8-12mm&F1.6-F2.2 Bullet IP Cam,研 華 5MP Motorized f2.8-12mm&F1.6-F2.2 Bullet IP Cam,9VCGSDGM5546SVAT,監 視 錄 影,研 華,DGM5546SVAT,5MP Motorized f2.8-12mm&F1.6-F2.2 Bullet IP Cam,3870,5400,3290,https://drive.google.com/open?id=14lzeZw5fLD1poCyubVVHL5geU5GNgASk&usp=drive_copy
研 華-DGM5547AT-5MP Motorized f2.8-12mm Bullet IP Cam,研 華 5MP Motorized f2.8-12mm Bullet IP Cam,9VCGSDGM5547AT,監 視 錄 影,研 華,DGM5547AT,5MP Motorized f2.8-12mm Bullet IP Cam,3500,5400,2961,https://drive.google.com/open?id=1_LlD1VrD83_WUDLuqp9nA2_15jmRH8XP&usp=drive_fs
研 華-DGM5643SVT-5MP Motorized f2.8-f12mm&F1.6-F2.8(AutoFocus) Bullet IP Cam,研 華 5MP Motorized f2.8-f12mm&F1.6-F2.8(AutoFocus) Bullet IP Cam,9VCGSDGM5643ASVT,監 視 錄 影,研 華,DGM5643SVT,5MP Motorized f2.8-f12mm&F1.6-F2.8(AutoFocus) Bullet IP Cam,5080,7400,4322,https://drive.google.com/open?id=1QVHMohkOP9t5SEs4RitD76TPwvVyGQnk&usp=drive_copy
研 華-DGM5757SVAT-5MP f5.0-50mm&F1.6-F2.2 Bullet IP Cam,研 華 5MP f5.0-50mm&F1.6-F2.2 Bullet IP Cam,9VCGSDGM5757SVAT,監 視 錄 影,研 華,DGM5757SVAT,5MP f5.0-50mm&F1.6-F2.2 Bullet IP Cam,5290,8000,4387,https://drive.google.com/open?id=1wU-bwGYO4zui1-1kwJsNg-1A_MZVWl6R&usp=drive_copy
研 華-DGM5937SVAT-5MP f4.7-f94mm&F1.5-F4.0(AutoFocus) Bullet IP Cam,研 華 5MP f4.7-f94mm&F1.5-F4.0(AutoFocus) Bullet IP Cam,9VCGSDGM5937SVAT,監 視 錄 影,研 華,DGM5937SVAT,5MP f4.7-f94mm&F1.5-F4.0(AutoFocus) Bullet IP Cam,17180,26000,14258,https://drive.google.com/open?id=1bkCckTbJaqbwRJHEUYK-BOn5D63GcrNc&usp=drive_copy
研 華-DGM5937T-5MP f4.7-f155mm&F1.5-F4.0(AutoFocus) Bullet IP Cam,研 華 5MP f4.7-f155mm&F1.5-F4.0(AutoFocus) Bullet IP Cam,9VCGSDGM5937T,監 視 錄 影,研 華,DGM5937T,5MP f4.7-f155mm&F1.5-F4.0(AutoFocus) Bullet IP Cam,30400,46000,25225,https://drive.google.com/open?id=1y-hyAqfkVYHKTFGUdiE5_GVS-Bwob5zi&usp=drive_copy
研 華-DGM8108SVAT-8MP f2.8 Bullet IP Cam,研 華 8MP f2.8 Bullet IP Cam,9VCGSDGM8108SVATS03,監 視 錄 影,研 華,DGM8108SVAT,8MP f2.8 Bullet IP Cam,3310,5000,2742,https://drive.google.com/open?id=19UEshL1LfMjPen9Crw0u13EdKwkaCKKq&usp=drive_copy
宏 碁-KA242Y G0-24吋彩色螢幕,宏 碁 24吋彩色螢幕,9CMOLCD24,電 腦 標 配,宏 碁,KA242Y G0,24吋彩色螢幕,4800,★★★,4298,https://drive.google.com/file/d/1t_AqhyShatGEsdARR0ZRa1WJ3T3A1ogo/view
通 航-9ECHBAI52U-【中央監控管理專用伺服器】　BA+TA系統專用機架式i5電腦,通 航 中央監控管理專用伺服器 BA+TA系統專用機架式i5電腦,9ECHBAI52UTD,電 腦 標 配,通 航,9ECHBAI52U,【中央監控管理專用伺服器】　BA+TA系統專用機架式i5電腦,29000,★★★,24000,https://drive.google.com/open?id=1ju7MDoRKPBNe_RaOWNKCmvW7qJd7gWlt&usp=drive_copy
通 航-9ECHBAI72U-【中央監控管理專用伺服器】　BA+TA系統專用機架式i7電腦,通 航 中央監控管理專用伺服器 BA+TA系統專用機架式i7電腦,9ECHBAI72UTD,電 腦 標 配,通 航,9ECHBAI72U,【中央監控管理專用伺服器】　BA+TA系統專用機架式i7電腦,31000,★★★,26000,https://drive.google.com/open?id=1-0_FNnixUk7IXJMAbSC4qYJGFrCvwAIf&usp=drive_copy
通 航-9ECHBAI5TW-【中央監控管理專用電腦】　　BA+TA系統專用直立式i5電腦,通 航 中央監控管理專用電腦 BA+TA系統專用直立式i5電腦,9ECHBAI5TW,電 腦 標 配,通 航,9ECHBAI5TW,【中央監控管理專用電腦】　　BA+TA系統專用直立式i5電腦,18500,27124,15677,https://drive.google.com/file/d/1oGfnVMe8Hev1jZDEqIzXTNhjO4V5vR_X/edit
通 航-9ECHBAI7TW-【中央監控管理專用電腦】　　BA+TA系統專用直立式i7電腦,通 航 中央監控管理專用電腦 BA+TA系統專用直立式i7電腦,9ECHBAI7TW,電 腦 標 配,通 航,9ECHBAI7TW,【中央監控管理專用電腦】　　BA+TA系統專用直立式i7電腦,42000,50000,33955,https://drive.google.com/open?id=1I0FRr5eJlJDXG3EpzTStOUSEUcGD6b3M&usp=drive_copy
通 航-9VPLPR002U+　　　9VPGSSLC01-【車牌辨識系統專用機架式i5電腦】+【車牌辨識軟體】,通 航 【車牌辨識系統專用機架式i5電腦】+【車牌辨識軟體】,9VPLPR002U+,停 管 配 置,通 航,9VPLPR002U+　　　9VPGSSLC01,【車牌辨識系統專用機架式i5電腦】+【車牌辨識軟體】,33155,★★★,25000,https://drive.google.com/file/d/10D50CKw_iP97DRFvZyhYrp7E_3k_961b/edit
通 航-9VPLPR002U+   9VPGSSLC01-【車牌辨識系統專用機架式i5電腦】+【車牌辨識軟體】,通 航 車牌辨識系統專用電腦+車牌辨識軟體(機架式i5電腦),9VPLPR002U+,電 腦 標 配,通 航,9VPLPR002U+   9VPGSSLC01,【車牌辨識系統專用機架式i5電腦】+【車牌辨識軟體】,33155,★★★,25000,https://drive.google.com/file/d/10D50CKw_iP97DRFvZyhYrp7E_3k_961b/edit
通 航-9VPGSSLC01-　　　　　　　　　　　　　車牌辨識軟體,通 航 車牌辨識軟體,9VPGSSLC01,電 腦 標 配,通 航,9VPGSSLC01,　　　　　　　　　　　　　車牌辨識軟體,★★★,★★★,★★★,https://drive.google.com/file/d/10D50CKw_iP97DRFvZyhYrp7E_3k_961b/edit
通 航-9COEHWIN10IOTV-WINDOWS 10 作業系統,通 航 WINDOWS 10 作業系統,9COEHWIN10IOTV,電 腦 標 配,通 航,9COEHWIN10IOTV,WINDOWS 10 作業系統,3500,★★★,★★★,
通 航-9TVI48USBRB-USB門禁開卡機,通 航 USB門禁開卡機,9TVI48USBRB,門 禁 對 講,通 航,9TVI48USBRB,USB門禁開卡機,1100,2000,750,https://drive.google.com/file/d/1skdzBSOFXmV2_fgSkFyn0BjLzn84Kh__/edit
通 航-9TVZCL01-櫃子鎖,通 航 櫃子鎖,9TVZCL01,門 禁 對 講,通 航,9TVZCL01,櫃子鎖,250,336,207,https://drive.google.com/file/d/1Vo9sOSTxuAJASznn40tz6q8gsb5Sp6mh/edit
通 航-9TVZTJ53B-MIFARE滴膠卡,通 航 MIFARE滴膠卡,9TVZTJ53B,門 禁 對 講,通 航,9TVZTJ53B,MIFARE滴膠卡,18,12,12,https://drive.google.com/file/d/1pmfDb4aFZBI4BYNAYqra2Boju7N1_TTy/edit
通 航-9VPGSAH65C6D-H.265 兩百萬畫素⾞牌辨識攝影機,通 航 H.265 兩百萬畫素⾞牌辨識攝影機,9VPGSAH65C6D,停 管 配 置,通 航,9VPGSAH65C6D,H.265 兩百萬畫素⾞牌辨識攝影機,9040,13600,7677,https://drive.google.com/file/d/1m189-mnyyy0bDHDnOJZdJt3kRgKM-JUW/edit
通 航-FBR-2051P-TCP-LED車牌顯示字幕機,通 航 LED車牌顯示字幕機,FBR-2051P-TCP,停 管 配 置,通 航,FBR-2051P-TCP,LED車牌顯示字幕機,19000,28000,15991,https://drive.google.com/file/d/1nopXlz4xNArSro509gTqJBSI-0s8q2Y6/edit
通 航-TVI63711A-單讀頭控制器(含解除鎖定功能),通 航 單讀頭控制器(含解除鎖定功能),TVI63711A,門 禁 對 講,通 航,TVI63711A,單讀頭控制器(含解除鎖定功能),2800,★★★,2300,https://drive.google.com/file/d/1fMnvLRqMV1SZV0eXrl5uOhyXYOf5_H34/edit
通 航-TVI63717-用戶影視對講小門口機(含電源供應器),通 航 用戶影視對講小門口機(含電源供應器),TVI63717,門 禁 對 講,通 航,TVI63717,用戶影視對講小門口機(含電源供應器),3500,11000,2800,https://drive.google.com/file/d/1YFriTYgy20_ddoMLBxJPRBeV-8MKHrVz/edit
通 航-TVI63721-門禁刷卡機（電梯）,通 航 門禁刷卡機（電梯）,TVI63721,門 禁 對 講,通 航,TVI63721,門禁刷卡機（電梯）,2000,3000,1600,https://drive.google.com/file/d/1W7vKni5GgaMNd7RtLbgej7V3uaICI6V4/edit
通 航-TVI63721-門禁刷卡機,通 航 門禁刷卡機,TVI63721,門 禁 對 講,通 航,TVI63721,門禁刷卡機,2000,3000,1600,https://drive.google.com/file/d/1N-fEczt3ZODc8ClsFH7FVKxKw_LLm_bz/edit
通 航-TVI63722-QRcode門禁刷卡機,通 航 QRcode門禁刷卡機,TVI63722,門 禁 對 講,通 航,TVI63722,QRcode門禁刷卡機,2500,3000,2000,https://drive.google.com/file/d/1HX6yMmcYCSZvqRNxS97laxeHRUy9VNIp/edit
通 航-TVI63763-IP型感應讀卡對講機(含SOS求救功能),通 航 IP型感應讀卡對講機(含SOS求救功能),TVI63763,門 禁 對 講,通 航,TVI63763,IP型感應讀卡對講機(含SOS求救功能),4300,10000,3500,https://drive.google.com/file/d/17taQxZJmUPYPZzXx94Zwny4ljq6fp9y6/edit
通 航-TVI63764-IP型影像感應讀卡對講機(含SOS求救功能),通 航 IP型影像感應讀卡對講機(含SOS求救功能),TVI63764,門 禁 對 講,通 航,TVI63764,IP型影像感應讀卡對講機(含SOS求救功能),4600,10000,3800,https://drive.google.com/file/d/1_D7XZ60ocv3gEQWO4tkqXpOzinzEdMRI/edit
通 航-TVI63765-IP型求救對講機,通 航 IP型求救對講機,TVI63765,門 禁 對 講,通 航,TVI63765,IP型求救對講機,4300,8000,3500,https://drive.google.com/open?id=1hb3tXhBx6ngWU4Do3dMV2hXvf0XiXJaz&usp=drive_copy
通 航-TVI63766-IP型影像求救對講機,通 航 IP型影像求救對講機,TVI63766,門 禁 對 講,通 航,TVI63766,IP型影像求救對講機,4200,9200,3350,https://drive.google.com/file/d/1-DFoT2nNHhH9K1emneu1jkM83gQnefmU/edit
通 航-TVI8575BA-七吋人臉互動門禁機,通 航 七吋人臉互動門禁機,TVI8575BA,門 禁 對 講,通 航,TVI8575BA,七吋人臉互動門禁機,15000,★★★,11000,https://drive.google.com/file/d/12xxTrR0_pZc2-h4AA9VdsB1yLQsl4Zc9/edit
通 航-TVI8577BA-七吋人臉測溫互動門禁機,通 航 七吋人臉測溫互動門禁機,TVI8577BA,門 禁 對 講,通 航,TVI8577BA,七吋人臉測溫互動門禁機,22000,40000,17778,https://drive.google.com/file/d/12Azk33sLu67dSREQQ6EfGiBjGT5NueXA/edit
通 航-TVI8718MBA-十吋影像人臉對講大門口機,通 航 十吋影像人臉對講大門口機,TVI8718MBA,門 禁 對 講,通 航,TVI8718MBA,十吋影像人臉對講大門口機,20000,20000,16000,https://drive.google.com/file/d/1umoLn7lxobdsF8_azlJUVlDdtlTMwatg/edit
通 航-TVI8819-十吋影像對講室內機,通 航 十吋影像對講室內機,TVI8819,門 禁 對 講,通 航,TVI8819,十吋影像對講室內機,10500,20000,8000,https://drive.google.com/file/d/1KM4DvRqiyH9lyaQUpQPh7bQPzazw9h7u/edit
通 航-TVI9119-十吋智慧雲端影像管理台,通 航 十吋智慧雲端影像管理台,TVI9119,門 禁 對 講,通 航,TVI9119,十吋智慧雲端影像管理台,18000,25000,12000,https://drive.google.com/file/d/1bQDYykEwYWNbCOqx3Vo8hsPIiHVR6Jyx/edit
通 航-TVZE8718MA-十吋影像人臉對講大門口機_專用埋入盒,通 航 十吋影像人臉對講大門口機_專用埋入盒,TVZE8718MA,門 禁 對 講,通 航,TVZE8718MA,十吋影像人臉對講大門口機_專用埋入盒,20000,20000,16000,https://drive.google.com/file/d/1mx8lwvWxJx1ie4Pxo6r6XIbYv-bb2ce4/edit
通 航-G1016-16埠 1Gbps RJ-45 網路交換器,通 航 16埠 1Gbps RJ-45 網路交換器,9CWTG1016,有 線 傳 輸,通 航,G1016,16埠 1Gbps RJ-45 網路交換器,1800,2000,1495,https://drive.google.com/open?id=1W7GHFlin7FcOOLH4ZEaGDcKEw1XulTqq&usp=drive_copy
通 航-G1024-24埠 1Gbps RJ-45 網路交換器,通 航 24埠 1Gbps RJ-45 網路交換器,9CWTG1024,有 線 傳 輸,通 航,G1024,24埠 1Gbps RJ-45 網路交換器,2700,3000,2150,https://drive.google.com/open?id=1pg-QEZNdoryAgiuEL9m86SKZZ_WC_kmL&usp=drive_copy
通 航-G1026-24埠 1Gbps RJ-45 +2埠 1Gbps SFP 網路交換機,通 航 24埠 1Gbps RJ-45 +2埠 1Gbps SFP 網路交換機,9CWTG1026,有 線 傳 輸,通 航,G1026,24埠 1Gbps RJ-45 +2埠 1Gbps SFP 網路交換機,3000,3300,2010,https://drive.google.com/open?id=1_LyWCbAHaIJ3pKpeB8wdasSKWhVOhYc9&usp=drive_copy
通 航-G2008-8埠 1Gbps RJ-45 網路交換器,通 航 8埠 1Gbps RJ-45 網路交換器,9CWTG2008,有 線 傳 輸,通 航,G2008,8埠 1Gbps RJ-45 網路交換器,700,750,619,https://drive.google.com/open?id=1cW3HzA7u90_zdGVd6JUwMrGglsRWxrgl&usp=drive_copy
通 航-G2010-8埠 1Gbps RJ-45 +2埠 1Gbps SFP 網路交換器,通 航 8埠 1Gbps RJ-45 +2埠 1Gbps SFP 網路交換器,9CWTG2010,有 線 傳 輸,通 航,G2010,8埠 1Gbps RJ-45 +2埠 1Gbps SFP 網路交換器,2500,4000,1700,https://drive.google.com/open?id=1uge9Fu45_QLtVK0MAuXs-pJE5f_q20od&usp=drive_copy
通 航-TFM0028-24埠 1Gbps SFP +4埠 10Gbps SFP 網管型匯聚交換機,通 航 24埠 1Gbps SFP +4埠 10Gbps SFP 網管型匯聚交換機,9WTFM0028,有 線 傳 輸,通 航,TFM0028,24埠 1Gbps SFP +4埠 10Gbps SFP 網管型匯聚交換機,27000,★★★,17000,https://drive.google.com/open?id=18UICuviHtpw_X5_u8UTsHftEP6RkFmCg&usp=drive_copy
通 航-TPM0802-130-8埠 1Gbps PoE RJ-45 +2埠 1Gbps SFP 網管型匯聚交換機,通 航 8埠 1Gbps PoE RJ-45 +2埠 1Gbps SFP 網管型匯聚交換機,9WTPM0802130,有 線 傳 輸,通 航,TPM0802-130,8埠 1Gbps PoE RJ-45 +2埠 1Gbps SFP 網管型匯聚交換機,5500,★★★,4450,https://drive.google.com/open?id=14NNZqZl6QYWkWXqbXlW0KVilpjpSZQfd&usp=drive_copy
通 航-TPM1602-270-16埠 1Gbps PoE RJ-45 +2埠 1Gbps SFP 網管型匯聚交換機,通 航 16埠 1Gbps PoE RJ-45 +2埠 1Gbps SFP 網管型匯聚交換機,9WTPM1602270,有 線 傳 輸,通 航,TPM1602-270,16埠 1Gbps PoE RJ-45 +2埠 1Gbps SFP 網管型匯聚交換機,7650,★★★,5500,https://drive.google.com/open?id=1IoBaqqLNw7HaxMegfgXdT8NzaITK9awR&usp=drive_copy
通 航-TPM2402-430-24埠 1Gbps PoE RJ-45 +2埠 1Gbps SFP 網管型匯聚交換機,通 航 24埠 1Gbps PoE RJ-45 +2埠 1Gbps SFP 網管型匯聚交換機,9WTPM2402430,有 線 傳 輸,通 航,TPM2402-430,24埠 1Gbps PoE RJ-45 +2埠 1Gbps SFP 網管型匯聚交換機,9900,★★★,7050,https://drive.google.com/file/d/1EX7zrqY-nVAFQqLgfAbNmZxhpCb1PVBF/edit
通 航-TPN0802-130-8埠 1Gbps PoE RJ-45 +2埠 1Gbps SFP 非網管PoE網路交換器,通 航 8埠 1Gbps PoE RJ-45 +2埠 1Gbps SFP 非網管PoE網路交換器,9WTPN0802130,有 線 傳 輸,通 航,TPN0802-130,8埠 1Gbps PoE RJ-45 +2埠 1Gbps SFP 非網管PoE網路交換器,2600,★★★,1984,https://drive.google.com/file/d/10AB4FyoAeHqVgrKAwwWiJ3XJjA4XgngB/edit
通 航-TPN1602-270-16埠 1Gbps PoE RJ-45 +2埠 1Gbps SFP 非網管PoE網路交換器,通 航 16埠 1Gbps PoE RJ-45 +2埠 1Gbps SFP 非網管PoE網路交換器,9WTPN1602270,有 線 傳 輸,通 航,TPN1602-270,16埠 1Gbps PoE RJ-45 +2埠 1Gbps SFP 非網管PoE網路交換器,5200,★★★,4030,https://drive.google.com/file/d/1-CgzQm76Ov9pKeCFJt4Avn0WBZoqZFd7/edit
通 航-TPN2402-430-24埠 1Gbps PoE RJ-45 +2埠 1Gbps SFP 非網管PoE網路交換器,通 航 24埠 1Gbps PoE RJ-45 +2埠 1Gbps SFP 非網管PoE網路交換器,9WTPN2402430,有 線 傳 輸,通 航,TPN2402-430,24埠 1Gbps PoE RJ-45 +2埠 1Gbps SFP 非網管PoE網路交換器,6900,★★★,5450,https://drive.google.com/file/d/17w2V0hbjZ_CvgdtPpI76cYgv6lJ-CwRr/edit
通 航-VAT92104-4埠 800萬 H.265 網路型主機DVR（AHD+TVI+CVI+CVBS+IP）,通 航 4埠 800萬 H.265 網路型主機DVR（AHD+TVI+CVI+CVBS+IP）,9ZVV83112,錄 影 主 機,通 航,VAT92104,4埠 800萬 H.265 網路型主機DVR（AHD+TVI+CVI+CVBS+IP）,2100,3440,1946,https://drive.google.com/open?id=1FXf-WqHkFTWij0K5ioPTt1o38FPvdCSm&usp=drive_copy
通 航-VAT92108-8埠 800萬 H.265 網路型主機DVR（AHD+TVI+CVI+CVBS+IP）,通 航 8埠 800萬 H.265 網路型主機DVR（AHD+TVI+CVI+CVBS+IP）,9ZVV83225,錄 影 主 機,通 航,VAT92108,8埠 800萬 H.265 網路型主機DVR（AHD+TVI+CVI+CVBS+IP）,3200,5260,2975,https://drive.google.com/open?id=10AEvnW6rzeLuYZYc3LsJKFT0poRAVVtj&usp=drive_copy
通 航-VAT92216-16埠 800萬 H.265 網路型主機DVR（AHD+TVI+CVI+CVBS+IP）,通 航 16埠 800萬 H.265 網路型主機DVR（AHD+TVI+CVI+CVBS+IP）,9ZVV83432,錄 影 主 機,通 航,VAT92216,16埠 800萬 H.265 網路型主機DVR（AHD+TVI+CVI+CVBS+IP）,5400,8800,4977,https://drive.google.com/open?id=1szo-twy1PWTFyErikKdxvoyplO4sf7cK&usp=drive_copy
通 航-VVT68109-9埠 H.265 網路型主機NVR,通 航 9埠 H.265 網路型主機NVR,9VVT68109,錄 影 主 機,通 航,VVT68109,9埠 H.265 網路型主機NVR,3750,★★★,3315,https://drive.google.com/open?id=1GQ4WgXPvmZ1XK5YskOemQ-HDOgH4XlKB&usp=drive_copy
通 航-VVT68216-16埠 H.265 網路型主機NVR,通 航 16埠 H.265 網路型主機NVR,9VVT68836,錄 影 主 機,通 航,VVT68216,16埠 H.265 網路型主機NVR,6200,★★★,4895,https://drive.google.com/open?id=1cfNTSqqV6Fyq4hgKQZ3GspHnA4X7N7sO&usp=drive_copy
通 航-VVT68836-36埠 H.265 網路型主機NVR,通 航 36埠 H.265 網路型主機NVR,9VVT68216,錄 影 主 機,通 航,VVT68836,36埠 H.265 網路型主機NVR,18200,★★★,16004,https://drive.google.com/open?id=1FHzYgoNwegwdy2ObLEBjYsUlgTdPGA84&usp=drive_copy
通 航-TVI2050A-*TVI2050A 智慧雲端管理中心主機 (50戶以內),通 航 *TVI2050A 智慧雲端管理中心主機 (50戶以內),9TVI2050A,物 業 管 理,通 航,TVI2050A,*TVI2050A 智慧雲端管理中心主機 (50戶以內),38000,82000,2000,
通 航-TVI2050SA-*TVI2050SA 高階(I5)電腦(需搭配)SA門禁PRO版,通 航 *TVI2050SA 高階(I5)電腦(需搭配)SA門禁PRO版,9TVI2050SA,物 業 管 理,通 航,TVI2050SA,*TVI2050SA 高階(I5)電腦(需搭配)SA門禁PRO版,35000,82000,15000,
通 航-TVI20200AJD-TVI20200AJD TA管理中心_專業版(200戶以內),通 航 TVI20200AJD TA管理中心_專業版(200戶以內),9TVI20200AJD,物 業 管 理,通 航,TVI20200AJD,TVI20200AJD TA管理中心_專業版(200戶以內),68000,100000,20546,
通 航-TVI20200PJD-TVI20200PJD TA管理中心_旗艦版(200戶以內),通 航 TVI20200PJD TA管理中心_旗艦版(200戶以內),9TVI20200PJD,物 業 管 理,通 航,TVI20200PJD,TVI20200PJD TA管理中心_旗艦版(200戶以內),75000,115000,21224,
通 航-TVI20200WJD-TVI20200WJD 非陸製 TA管理中心_標準版(無APP)(200戶以內),通 航 TVI20200WJD 非陸製 TA管理中心_標準版(無APP)(200戶以內),9TVI20200WJD,物 業 管 理,通 航,TVI20200WJD,TVI20200WJD 非陸製 TA管理中心_標準版(無APP)(200戶以內),38000,75000,16031,
通 航-TVI20200ACTD-TVI20200ACTD 非陸製機架型TA管理中心_專業版(200戶內),通 航 TVI20200ACTD 非陸製機架型TA管理中心_專業版(200戶內),9TVI20200ACTD,物 業 管 理,通 航,TVI20200ACTD,TVI20200ACTD 非陸製機架型TA管理中心_專業版(200戶內),75000,90000,33610,
通 航-TVI20200PCTD-TVI20200PCTD 非陸製機架式_TA管理中心_旗艦版(200戶以內),通 航 TVI20200PCTD 非陸製機架式_TA管理中心_旗艦版(200戶以內),9TVI20200PCTD,物 業 管 理,通 航,TVI20200PCTD,TVI20200PCTD 非陸製機架式_TA管理中心_旗艦版(200戶以內),85000,110000,34288,
通 航-TVI20200A-*TVI20200A 智慧雲端管理中心主機 (200戶以內),通 航 *TVI20200A 智慧雲端管理中心主機 (200戶以內),9TVI20200A,物 業 管 理,通 航,TVI20200A,*TVI20200A 智慧雲端管理中心主機 (200戶以內),65000,150000,15000,
通 航-TVI20200P-*TVI20200P 智慧雲端管理中心主機 (200戶以內),通 航 *TVI20200P 智慧雲端管理中心主機 (200戶以內),9TVI20200P,物 業 管 理,通 航,TVI20200P,*TVI20200P 智慧雲端管理中心主機 (200戶以內),75000,170000,15000,
通 航-TVI20200C-*TVI20200PC  機架型智慧雲端管理中心主機 (200戶以內),通 航 *TVI20200PC  機架型智慧雲端管理中心主機 (200戶以內),9TVI20200C,物 業 管 理,通 航,TVI20200C,*TVI20200PC  機架型智慧雲端管理中心主機 (200戶以內),75000,170000,25000,
通 航-TVI20200PC-*TVI20200PC  機架型智慧雲端管理中心主機 (200戶以內),通 航 *TVI20200PC  機架型智慧雲端管理中心主機 (200戶以內),9TVI20200PC,物 業 管 理,通 航,TVI20200PC,*TVI20200PC  機架型智慧雲端管理中心主機 (200戶以內),85000,196000,2500,
通 航-TVI20600AJD-TVI20600AJD TA管理中心_專業版(600戶以內),通 航 TVI20600AJD TA管理中心_專業版(600戶以內),9TVI20600AJD,物 業 管 理,通 航,TVI20600AJD,TVI20600AJD TA管理中心_專業版(600戶以內),70000,100000,20546,
通 航-TVI20600PJD-TVI20600PJD TA管理中心_旗艦版(600戶以內),通 航 TVI20600PJD TA管理中心_旗艦版(600戶以內),9TVI20600PJD,物 業 管 理,通 航,TVI20600PJD,TVI20600PJD TA管理中心_旗艦版(600戶以內),80000,120000,21224,
通 航-TVI20600ACTD-TVI20600ACTD 機架式_TA管理中心_專業版(600戶以內),通 航 TVI20600ACTD 機架式_TA管理中心_專業版(600戶以內),9TVI20600ACTD,物 業 管 理,通 航,TVI20600ACTD,TVI20600ACTD 機架式_TA管理中心_專業版(600戶以內),80000,120000,35000,
通 航-TVI20600PCTD-TVI20600PCTD 機架式_TA管理中心_旗艦版(600戶以內),通 航 TVI20600PCTD 機架式_TA管理中心_旗艦版(600戶以內),9TVI20600PCTD,物 業 管 理,通 航,TVI20600PCTD,TVI20600PCTD 機架式_TA管理中心_旗艦版(600戶以內),90000,130000,35000,
通 航-TVI20600A-*TVI20600A 智慧雲端管理中心主機 (600戶以內),通 航 *TVI20600A 智慧雲端管理中心主機 (600戶以內),9TVI20600A,物 業 管 理,通 航,TVI20600A,*TVI20600A 智慧雲端管理中心主機 (600戶以內),70000,160000,19000,
通 航-TVI20600P-*TVI20600P 智慧雲端管理中心主機 (600戶以內),通 航 *TVI20600P 智慧雲端管理中心主機 (600戶以內),9TVI20600P,物 業 管 理,通 航,TVI20600P,*TVI20600P 智慧雲端管理中心主機 (600戶以內),80000,190000,20000,
通 航-TVI20600C-*TVI20600PC  機架型智慧雲端管理中心主機 (600戶以內),通 航 *TVI20600PC  機架型智慧雲端管理中心主機 (600戶以內),9TVI20600C,物 業 管 理,通 航,TVI20600C,*TVI20600PC  機架型智慧雲端管理中心主機 (600戶以內),80000,184000,29000,
通 航-TVI20600PC-*TVI20600PC  機架型智慧雲端管理中心主機 (600戶以內),通 航 *TVI20600PC  機架型智慧雲端管理中心主機 (600戶以內),9TVI20600PC,物 業 管 理,通 航,TVI20600PC,*TVI20600PC  機架型智慧雲端管理中心主機 (600戶以內),80000,49072,30000,
通 航-TVI202000A-*TVI202000A 智慧雲端管理主機(2000戶以內)須搭配202000B,通 航 *TVI202000A 智慧雲端管理主機(2000戶以內)須搭配202000B,9TVI202000A,物 業 管 理,通 航,TVI202000A,*TVI202000A 智慧雲端管理主機(2000戶以內)須搭配202000B,80000,190000,28500,
通 航-TVI202000B-*TVI202000B SIP伺服器主機APP通訊(2000戶內)需搭配202000A,通 航 *TVI202000B SIP伺服器主機APP通訊(2000戶內)需搭配202000A,9TVI202000B,物 業 管 理,通 航,TVI202000B,*TVI202000B SIP伺服器主機APP通訊(2000戶內)需搭配202000A,40000,100000,28500,
通 航-TVI202000CA-*TVI202000CA 機架型智慧雲端管理中心主機(2000戶以內)搭202000CB,通 航 *TVI202000CA 機架型智慧雲端管理中心主機(2000戶以內)搭202000CB,9TVI202000CA,物 業 管 理,通 航,TVI202000CA,*TVI202000CA 機架型智慧雲端管理中心主機(2000戶以內)搭202000CB,65000,155000,36000,
通 航-TVI202000CB-TVI202000CB SIP伺服器主機APP通訊(2000戶內)需搭配202000CA,通 航 TVI202000CB SIP伺服器主機APP通訊(2000戶內)需搭配202000CA,9TVI202000CB,物 業 管 理,通 航,TVI202000CB,TVI202000CB SIP伺服器主機APP通訊(2000戶內)需搭配202000CA,65000,310000,36000,
通 航-TVI202000PCA-*TVI202000CA 機架型智慧雲端管理中心主機(2000戶以內)搭202000PCB,通 航 *TVI202000CA 機架型智慧雲端管理中心主機(2000戶以內)搭202000PCB,9TVI202000PCA,物 業 管 理,通 航,TVI202000PCA,*TVI202000CA 機架型智慧雲端管理中心主機(2000戶以內)搭202000PCB,65000,360000,36000,
通 航-TVI202000PCB-TVI202000CB SIP伺服器主機APP通訊(2000戶內)需搭配202000PCA,通 航 TVI202000CB SIP伺服器主機APP通訊(2000戶內)需搭配202000PCA,9TVI202000PCB,物 業 管 理,通 航,TVI202000PCB,TVI202000CB SIP伺服器主機APP通訊(2000戶內)需搭配202000PCA,65000,★★★,36000,
通 航-TVI202000PA-*TVI202000PA 智慧雲端管理主機 (2000戶以內)須搭配202000PB,通 航 *TVI202000PA 智慧雲端管理主機 (2000戶以內)須搭配202000PB,9TVI202000PA,物 業 管 理,通 航,TVI202000PA,*TVI202000PA 智慧雲端管理主機 (2000戶以內)須搭配202000PB,90000,240000,27500,
通 航-TVI202000PB-*TVI202000PB SIP伺服器主機APP通訊(2000戶內)需搭配202000PA,通 航 *TVI202000PB SIP伺服器主機APP通訊(2000戶內)需搭配202000PA,9TVI202000PB,物 業 管 理,通 航,TVI202000PB,*TVI202000PB SIP伺服器主機APP通訊(2000戶內)需搭配202000PA,40000,100000,27500,
通 航-TVI202000ACTD-TVI202000ACTD 機架式_TA管理中心_專業版(2000戶以內),通 航 TVI202000ACTD 機架式_TA管理中心_專業版(2000戶以內),9TVI202000ACTD,物 業 管 理,通 航,TVI202000ACTD,TVI202000ACTD 機架式_TA管理中心_專業版(2000戶以內),130000,190000,35000,
通 航-TVI202000PCTD-TVI202000PCTD 機架式_TA管理中心_旗艦版(2000戶以內),通 航 TVI202000PCTD 機架式_TA管理中心_旗艦版(2000戶以內),9TVI202000PCTD,物 業 管 理,通 航,TVI202000PCTD,TVI202000PCTD 機架式_TA管理中心_旗艦版(2000戶以內),140000,250000,34288,
通 航-9TGAC202B-AC電源交流4孔插座,通 航 AC電源交流4孔插座,9TGAC202B,宅 內 模 組,通 航,9TGAC202B,AC電源交流4孔插座,480,520,360,
通 航-9TGCON10A-C型端子板+後支架,通 航 C型端子板+後支架,9TGCON10A,宅 內 模 組,通 航,9TGCON10A,C型端子板+後支架,220,250,188,
通 航-9TGJ200B-支架200mm長(單支灰白),通 航 支架200mm長(單支灰白),9TGJ200B,宅 內 模 組,通 航,9TGJ200B,支架200mm長(單支灰白),125,280,110,
通 航-9TGJ250B-支架250mm長(單支灰白),通 航 支架250mm長(單支灰白),9TGJ250B,宅 內 模 組,通 航,9TGJ250B,支架250mm長(單支灰白),125,280,105,
通 航-9TGJ300B-支架300mm長(單支灰白),通 航 支架300mm長(單支灰白),9TGJ300B,宅 內 模 組,通 航,9TGJ300B,支架300mm長(單支灰白),125,280,77.5,
通 航-9TGJ350B-支架350mm長(單支灰白),通 航 支架350mm長(單支灰白),9TGJ350B,宅 內 模 組,通 航,9TGJ350B,支架350mm長(單支灰白),125,280,77.5,
通 航-9TGJZ-空隙蓋板25mm,通 航 空隙蓋板25mm,9TGJZ,宅 內 模 組,通 航,9TGJZ,空隙蓋板25mm,180,220,125,
通 航-9TGPW12V1AB-12V DC電源供應模組,通 航 12V DC電源供應模組,9TGPW12V1AB,宅 內 模 組,通 航,9TGPW12V1AB,12V DC電源供應模組,550,600,421,
通 航-9TGRJ458B-模組8PORT含面板卡式座,通 航 模組8PORT含面板卡式座,9TGRJ458B,宅 內 模 組,通 航,9TGRJ458B,模組8PORT含面板卡式座,200,230,140,
通 航-9TGSH8PG-8埠100M/1000M8路集線器,通 航 8埠100M/1000M8路集線器,9TGSH8PG,宅 內 模 組,通 航,9TGSH8PG,8埠100M/1000M8路集線器,1000,1200,763,
通 航-9TGTE110B-208電話分配器模組,通 航 208電話分配器模組,9TGTE110B,宅 內 模 組,通 航,9TGTE110B,208電話分配器模組,450,600,365,
通 航-9TGTE210B-102宅內模組有線電視放大器,通 航 102宅內模組有線電視放大器,9TGTE210B,宅 內 模 組,通 航,9TGTE210B,102宅內模組有線電視放大器,460,520,357,
通 航-9TGTV106B-106宅內模組有線電視信號分配器,通 航 106宅內模組有線電視信號分配器,9TGTV106B,宅 內 模 組,通 航,9TGTV106B,106宅內模組有線電視信號分配器,360,420,304,
云 辰-ESCADA01-AG Standalone-中央監控系統主機500點,云 辰 中央監控系統主機500點,9EBAEUJESCADA01AG,通 訊 協 定,云 辰,ESCADA01-AG Standalone,中央監控系統主機500點,140000,200000,109673,
云 辰-ZC160-DDC數位控制器,云 辰 DDC數位控制器,9EBAEUJZD160AG,通 訊 協 定,云 辰,ZC160,DDC數位控制器,11000,14400,7897,https://drive.google.com/open?id=1QTncwTYp09TPe72rO7G3OificIMfzDs6&usp=drive_fs
云 辰-ZD161-16通道輸入擴充模組,云 辰 16通道輸入擴充模組,9EBAEUJZD161AG,通 訊 協 定,云 辰,ZD161,16通道輸入擴充模組,3000,4000,2194,https://drive.google.com/open?id=1wvW5uelWf1olf1swOn7wXVOzhXbiVmaK&usp=drive_fs
云 辰-ZD162-16通道輸出擴充模組,云 辰 16通道輸出擴充模組,9EBAEUJZD162AG,通 訊 協 定,云 辰,ZD162,16通道輸出擴充模組,3000,4000,2194,https://drive.google.com/open?id=1Mb3iehy5IuTrbCiVTBylL21w5v4Z623R&usp=drive_fs
云 辰-ZC190-智慧建築資料格式轉換器,云 辰 智慧建築資料格式轉換器,★★★,通 訊 協 定,云 辰,ZC190,智慧建築資料格式轉換器, ,★★★,★★★,https://drive.google.com/open?id=1DidhH9biiYjQHYzCh4l4-cOyHyD1_f17&usp=drive_fs
云 辰-AN204-1-智慧插座,云 辰 智慧插座,★★★,通 訊 協 定,云 辰,AN204-1,智慧插座,850,★★★,★★★,https://drive.google.com/open?id=1uZdqTFsi5-mPl5DSyVCgj4nBezXFGdaH&usp=drive_fs
云 辰-TR110-2-無線收發器,云 辰 無線收發器,★★★,通 訊 協 定,云 辰,TR110-2,無線收發器,,★★★,★★★,https://drive.google.com/open?id=1-ZYqJ_8GxmPLBb9XMvbd9puG0YbPEpWc&usp=drive_fs
云 辰-ZC180-0-節能控制器,云 辰 節能控制器,★★★,通 訊 協 定,云 辰,ZC180-0,節能控制器,9200,★★★,★★★,https://drive.google.com/open?id=1lxso0i6AAEB-wSGOtO5Fi55NKhEodUIm&usp=drive_fs
鎰 譁-9ZCT19I10U500D-*19吋 10U(D:500mm)壁掛式機櫃,鎰 譁 *19吋 10U(D:500mm)壁掛式機櫃,9ZCT19I10U500D,機 櫃 款 式,鎰 譁,9ZCT19I10U500D,*19吋 10U(D:500mm)壁掛式機櫃,5200,6500,4421,https://drive.google.com/open?id=1rcP-TXx0VvxuLrFD8nc3mS2plJacP1EP&usp=drive_fs
鎰 譁-9ZCT19I10U500DNWA-*19吋 10U(D:500mm)壁掛式機櫃,鎰 譁 *19吋 10U(D:500mm)壁掛式機櫃,9ZCT19I10U500DNWA,機 櫃 款 式,鎰 譁,9ZCT19I10U500DNWA,*19吋 10U(D:500mm)壁掛式機櫃,6000,8400,4610,https://drive.google.com/open?id=1rcP-TXx0VvxuLrFD8nc3mS2plJacP1EP&usp=drive_fs
鎰 譁-9ZCT19I12U500D-*19吋 12U(D:500mm)標準型機櫃,鎰 譁 *19吋 12U(D:500mm)標準型機櫃,9ZCT19I12U500D,機 櫃 款 式,鎰 譁,9ZCT19I12U500D,*19吋 12U(D:500mm)標準型機櫃,5700,9000,4845,
鎰 譁-9ZCT19I12U500DNWA-*19吋 12U(D:500mm)壁掛式機櫃,鎰 譁 *19吋 12U(D:500mm)壁掛式機櫃,9ZCT19I12U500DNWA,機 櫃 款 式,鎰 譁,9ZCT19I12U500DNWA,*19吋 12U(D:500mm)壁掛式機櫃,6500,9400,5263,https://drive.google.com/open?id=1rcP-TXx0VvxuLrFD8nc3mS2plJacP1EP&usp=drive_fs
鎰 譁-9ZCT19I15U500DNWA-*19吋 15U(D:500mm)壁掛式機櫃,鎰 譁 *19吋 15U(D:500mm)壁掛式機櫃,9ZCT19I15U500DNWA,機 櫃 款 式,鎰 譁,9ZCT19I15U500DNWA,*19吋 15U(D:500mm)壁掛式機櫃,7000,10000,5850,https://drive.google.com/open?id=1rcP-TXx0VvxuLrFD8nc3mS2plJacP1EP&usp=drive_fs
鎰 譁-9ZCT19I15U600D-*19吋 15U(D:600mm)標準型機櫃,鎰 譁 *19吋 15U(D:600mm)標準型機櫃,9ZCT19I15U600D,機 櫃 款 式,鎰 譁,9ZCT19I15U600D,*19吋 15U(D:600mm)標準型機櫃,11200,13200,9795,https://drive.google.com/open?id=1gAsyBrZvsymq9Ha57uJgNpwPKav4JK4v&usp=drive_fs
鎰 譁-9ZCT19I15U600DW-*19吋 15U(D:600mm)壁掛式機櫃,鎰 譁 *19吋 15U(D:600mm)壁掛式機櫃,9ZCT19I15U600DW,機 櫃 款 式,鎰 譁,9ZCT19I15U600DW,*19吋 15U(D:600mm)壁掛式機櫃,7000,8500,6391.75,https://drive.google.com/open?id=1rcP-TXx0VvxuLrFD8nc3mS2plJacP1EP&usp=drive_fs
鎰 譁-9ZCT19I20U900D-*19吋 20U(D:900mm)標準型機櫃,鎰 譁 *19吋 20U(D:900mm)標準型機櫃,9ZCT19I20U900D,機 櫃 款 式,鎰 譁,9ZCT19I20U900D,*19吋 20U(D:900mm)標準型機櫃,15500,17500,13400,https://drive.google.com/open?id=1gAsyBrZvsymq9Ha57uJgNpwPKav4JK4v&usp=drive_fs
鎰 譁-9ZCT19I25U1000D-*19吋 25U(D:1000)標準型機櫃,鎰 譁 *19吋 25U(D:1000)標準型機櫃,9ZCT19I25U1000D,機 櫃 款 式,鎰 譁,9ZCT19I25U1000D,*19吋 25U(D:1000)標準型機櫃,16350,27000,13920,https://drive.google.com/open?id=1gAsyBrZvsymq9Ha57uJgNpwPKav4JK4v&usp=drive_fs
鎰 譁-9ZCT19I25U750D-*19吋 25U(D:750mm)標準型機櫃,鎰 譁 *19吋 25U(D:750mm)標準型機櫃,9ZCT19I25U750D,機 櫃 款 式,鎰 譁,9ZCT19I25U750D,*19吋 25U(D:750mm)標準型機櫃,13500,★★★,11860,https://drive.google.com/open?id=1gAsyBrZvsymq9Ha57uJgNpwPKav4JK4v&usp=drive_fs
鎰 譁-9ZCT19I35U1000D-*19吋 35U(D:1000mm)標準型機櫃,鎰 譁 *19吋 35U(D:1000mm)標準型機櫃,9ZCT19I35U1000D,機 櫃 款 式,鎰 譁,9ZCT19I35U1000D,*19吋 35U(D:1000mm)標準型機櫃,15200,20000,12887,https://drive.google.com/open?id=1gAsyBrZvsymq9Ha57uJgNpwPKav4JK4v&usp=drive_fs
鎰 譁-9ZCT19I41U1000D-*19吋 41U(D:1000mm)標準型機櫃,鎰 譁 *19吋 41U(D:1000mm)標準型機櫃,9ZCT19I41U1000D,機 櫃 款 式,鎰 譁,9ZCT19I41U1000D,*19吋 41U(D:1000mm)標準型機櫃,20000,25000,17766,https://drive.google.com/open?id=1gAsyBrZvsymq9Ha57uJgNpwPKav4JK4v&usp=drive_fs
鎰 譁-9ZCT19I41U1100D-*19吋 41U(D:1100mm)標準型機櫃,鎰 譁 *19吋 41U(D:1100mm)標準型機櫃,9ZCT19I41U1100D,機 櫃 款 式,鎰 譁,9ZCT19I41U1100D,*19吋 41U(D:1100mm)標準型機櫃,24000,30000,21320,https://drive.google.com/open?id=1gAsyBrZvsymq9Ha57uJgNpwPKav4JK4v&usp=drive_fs
鎰 譁-9ZCT19I41U600D-*19吋 41U(D:600mm)標準型機櫃,鎰 譁 *19吋 41U(D:600mm)標準型機櫃,9ZCT19I41U600D,機 櫃 款 式,鎰 譁,9ZCT19I41U600D,*19吋 41U(D:600mm)標準型機櫃,18000,22000,16000,https://drive.google.com/open?id=1gAsyBrZvsymq9Ha57uJgNpwPKav4JK4v&usp=drive_fs
鎰 譁-9ZCT19I41U700D-*19吋 41U(D:700mm)標準型機櫃,鎰 譁 *19吋 41U(D:700mm)標準型機櫃,9ZCT19I41U700D,機 櫃 款 式,鎰 譁,9ZCT19I41U700D,*19吋 41U(D:700mm)標準型機櫃,16500,28000,14736,https://drive.google.com/open?id=1gAsyBrZvsymq9Ha57uJgNpwPKav4JK4v&usp=drive_fs
鎰 譁-9ZCT19I41U750D-*19吋 41U(D:750mm)標準型機櫃,鎰 譁 *19吋 41U(D:750mm)標準型機櫃,9ZCT19I41U750D,機 櫃 款 式,鎰 譁,9ZCT19I41U750D,*19吋 41U(D:750mm)標準型機櫃,18000,20000,14950,https://drive.google.com/open?id=1gAsyBrZvsymq9Ha57uJgNpwPKav4JK4v&usp=drive_fs
鎰 譁-9ZCT19I41U800D-*19吋 41U(D:800mm)標準型機櫃,鎰 譁 *19吋 41U(D:800mm)標準型機櫃,9ZCT19I41U800D,機 櫃 款 式,鎰 譁,9ZCT19I41U800D,*19吋 41U(D:800mm)標準型機櫃,18000,★★★,15789,https://drive.google.com/open?id=1gAsyBrZvsymq9Ha57uJgNpwPKav4JK4v&usp=drive_fs
鎰 譁-9ZCT19I41U-*19吋 41U(D:900mm)標準型機櫃,鎰 譁 *19吋 41U(D:900mm)標準型機櫃,9ZCT19I41U,機 櫃 款 式,鎰 譁,9ZCT19I41U,*19吋 41U(D:900mm)標準型機櫃,14200,★★★,12700,https://drive.google.com/open?id=1gAsyBrZvsymq9Ha57uJgNpwPKav4JK4v&usp=drive_fs
鎰 譁-9ZCT19I42U600D-*19吋 42U(D:600mm)標準型機櫃,鎰 譁 *19吋 42U(D:600mm)標準型機櫃,9ZCT19I42U600D,機 櫃 款 式,鎰 譁,9ZCT19I42U600D,*19吋 42U(D:600mm)標準型機櫃,16500,20000,14000,https://drive.google.com/open?id=1gAsyBrZvsymq9Ha57uJgNpwPKav4JK4v&usp=drive_fs
鎰 譁-9ZCT19I6U300D-*19吋 6U(D:300mm)標準型機櫃,鎰 譁 *19吋 6U(D:300mm)標準型機櫃,9ZCT19I6U300D,機 櫃 款 式,鎰 譁,9ZCT19I6U300D,*19吋 6U(D:300mm)標準型機櫃,3800,5000,3200,
鎰 譁-9ZCT19I6U500D-*19吋 6U(D:500mm)壁掛式機櫃,鎰 譁 *19吋 6U(D:500mm)壁掛式機櫃,9ZCT19I6U500D,機 櫃 款 式,鎰 譁,9ZCT19I6U500D,*19吋 6U(D:500mm)壁掛式機櫃,4200,5600,3520,
鎰 譁-9ZCT19I6U500DNWA-*19吋 6U(D:500mm)壁掛式機櫃,鎰 譁 *19吋 6U(D:500mm)壁掛式機櫃,9ZCT19I6U500DNWA,機 櫃 款 式,鎰 譁,9ZCT19I6U500DNWA,*19吋 6U(D:500mm)壁掛式機櫃,4500,★★★,3950,
鎰 譁-9ZCT19I6U600D-*19吋 6U(D:600mm)標準型機櫃,鎰 譁 *19吋 6U(D:600mm)標準型機櫃,9ZCT19I6U600D,機 櫃 款 式,鎰 譁,9ZCT19I6U600D,*19吋 6U(D:600mm)標準型機櫃,3900,★★★,3789,
鎰 譁-9ZCT19I8U500D-*19吋 8U(D:500mm)掛壁型機櫃,鎰 譁 *19吋 8U(D:500mm)掛壁型機櫃,9ZCT19I8U500D,機 櫃 款 式,鎰 譁,9ZCT19I8U500D,*19吋 8U(D:500mm)掛壁型機櫃,4060,5650,3402,
鎰 譁-9ZCT19I8U600D-*19吋 8U(D:600mm)壁掛式機櫃,鎰 譁 *19吋 8U(D:600mm)壁掛式機櫃,9ZCT19I8U600D,機 櫃 款 式,鎰 譁,9ZCT19I8U600D,*19吋 8U(D:600mm)壁掛式機櫃,5300,7000,4500,
明 尼 蘇 達-SS-1-不鏽鋼貼片,明 尼 蘇 達 不鏽鋼貼片,9EG3MSS1,感 測 儀 器,明 尼 蘇 達,SS-1,不鏽鋼貼片,47,66,35.1,https://drive.google.com/open?id=1ZCdn18vDX576Eg3m0NDvolrRkdo_ry4i&usp=drive_copy
明 尼 蘇 達-WR-TW-KO1000-漏液檢知器,明 尼 蘇 達 漏液檢知器,9S3MWRTWKO1000,感 測 儀 器,明 尼 蘇 達,WR-TW-KO1000,漏液檢知器,2850,4700,2500,https://drive.google.com/open?id=1YnLRdpom4su0yAGKRpTYIJ3rx5hOxwVG&usp=drive_copy
明 尼 蘇 達-B-3P-漏液檢知帶,明 尼 蘇 達 漏液檢知帶,9EG3MB3P,感 測 儀 器,明 尼 蘇 達,B-3P,漏液檢知帶,857,1200,638,https://drive.google.com/open?id=1koFx945CMNsUztpNFhMaikXkj83LKiRn&usp=drive_copy
三 聯-Palert Q332-地震感知儀(S波),三 聯 地震感知儀(S波),★★★,感 測 儀 器,三 聯,Palert Q332,地震感知儀(S波),45000,★★★,★★★,https://drive.google.com/open?id=13AULl87zHZJKDmYYp-IczcqV5P7caeBm&usp=drive_copy
三 聯-PX-01-地震早期預警控制主機,三 聯 地震早期預警控制主機,★★★,感 測 儀 器,三 聯,PX-01,地震早期預警控制主機,★★★,★★★,★★★,https://drive.google.com/open?id=1o3B_-6_qxU3J2xpdCVjjOrVepzLN3Rzu&usp=drive_copy
聯 昇-LS5-SUS304-1PF-ST-淹水偵測器,聯 昇 淹水偵測器,★★★,感 測 儀 器,聯 昇,LS5-SUS304-1PF-ST,淹水偵測器,2639,★★★,★★★,https://drive.google.com/open?id=1OhbnahVUfXC1X-xRH5eEdEEy6Y6kwmq_&usp=drive_copy
英 華 達 全 家 寶-多功能生理量測器-多功能五合一藍芽傳輸生理量測器(血壓、血糖、總膽固醇、尿酸及心電圖),英 華 達 全 家 寶 多功能五合一藍芽傳輸生理量測器(血壓、血糖、總膽固醇、尿酸及心電圖),★★★,感 測 儀 器,英 華 達 全 家 寶,多功能生理量測器,多功能五合一藍芽傳輸生理量測器(血壓、血糖、總膽固醇、尿酸及心電圖),16970,★★★,★★★,https://drive.google.com/open?id=1X8Yr2MdKKW1FLu0BVoRD6ZcQhmHt05f6&usp=drive_copy
志 禾-ACYAT4360000-戶外環境偵測器(溫度、濕度、雨量計),志 禾 戶外環境偵測器(溫度、濕度、雨量計),★★★,感 測 儀 器,志 禾,ACYAT4360000,戶外環境偵測器(溫度、濕度、雨量計),★★★,★★★,★★★,https://drive.google.com/open?id=14AAq_b70PWdH9uT9bpX2p6xR2kO8oDoF&usp=drive_copy
志 禾-AC0154211051-空氣品質偵測器,志 禾 空氣品質偵測器,★★★,感 測 儀 器,志 禾,AC0154211051,空氣品質偵測器,4200,★★★,★★★,https://drive.google.com/open?id=13KhrLuWnReZGoTzVWjdm1R4HOOZwBZx4&usp=drive_copy
志 禾-RSN25C02-二氧化碳偵測器,志 禾 二氧化碳偵測器,★★★,感 測 儀 器,志 禾,RSN25C02,二氧化碳偵測器,3200,★★★,★★★,https://drive.google.com/open?id=1BYKZYKI2lN4VkSEn69jdqY4-dPPA4s0S&usp=drive_fs
志 禾-AC0154211037-溫溼度偵測器,志 禾 溫溼度偵測器,★★★,感 測 儀 器,志 禾,AC0154211037,溫溼度偵測器,2500,★★★,★★★,https://drive.google.com/open?id=1NYuvNhCzZWWfwTS9_LG_jRKm2sMQsLhS&usp=drive_copy
雷 達-STR-101-油用液位開關,雷 達 油用液位開關,★★★,感 測 儀 器,雷 達,STR-101,油用液位開關,3600,5720,3137,https://drive.google.com/open?id=1cUkNZbTAHiwVUDfecT-4yFlRd_O6-KxZ&usp=drive_copy
雷 達-ST-70AB-浮球液位開關,雷 達 浮球液位開關,9EYRDST75,感 測 儀 器,雷 達,ST-70AB,浮球液位開關,1571,2200,1170,https://drive.google.com/open?id=17MDWE8714sZYI-MeIVzrkoE1HdJ5cL3b&usp=drive_copy
天 嘉-ST-810-一氧化碳偵測器（吸頂式） ,天 嘉 一氧化碳偵測器（吸頂式）,9EGTGST810AR,感 測 儀 器,天 嘉,ST-810,一氧化碳偵測器（吸頂式） ,2286,3200,1791,https://drive.google.com/open?id=1Y6LVomd-6MtcnRBb54FkStBlo-xEyr8R&usp=drive_copy
天 嘉-MC-25A-磁簧開關,天 嘉 磁簧開關,9EMURSMC25,感 測 儀 器,天 嘉,MC-25A,磁簧開關,75,120,62,https://drive.google.com/open?id=10Qc9HObmmZEaYp2kCkdWK7BkOz0K4u0m&usp=drive_copy
天 嘉-MC-41A-磁簧開關,天 嘉 磁簧開關,9EGTGMCL41,感 測 儀 器,天 嘉,MC-41A,磁簧開關,86,120,63.8,https://drive.google.com/open?id=10Qc9HObmmZEaYp2kCkdWK7BkOz0K4u0m&usp=drive_copy
天 嘉-ST-880-緊急求救按鈕,天 嘉 緊急求救按鈕,★★★,感 測 儀 器,天 嘉,ST-880,緊急求救按鈕,170,★★★,★★★,https://drive.google.com/open?id=1ZPlcm3taagphAAybHjX3lGIdErhUfhuD&usp=drive_copy
天 得-TZ-8166-水箱微動開關,天 得 水箱微動開關,9EBAETZ8166,感 測 儀 器,天 得,TZ-8166,水箱微動開關,390,410,324,https://drive.google.com/open?id=1Nthg613_bBh_J-J_jHa52beuHqN0sQ2s&usp=drive_copy
威 騰-WD102PURP-10TB 512MB 監控硬碟,威 騰 10TB 512MB 監控硬碟,9VZWD102PURP,錄 影 主 機,威 騰,WD102PURP,10TB 512MB 監控硬碟,8800,9860,8375,https://drive.google.com/open?id=1IGorAlCCpcEQ_k13Ta52gy5qwAATcV88&usp=drive_copy
威 騰-WD121PURP-12TB 256MB 監控硬碟,威 騰 12TB 256MB 監控硬碟,9VZWD121PURP,錄 影 主 機,威 騰,WD121PURP,12TB 256MB 監控硬碟,11750,12130,9641,https://drive.google.com/open?id=1A5zNAyPKQ9WXPkw4y6wFbAHZ3HlO3eCD&usp=drive_copy
威 騰-WD142PURP-14TB 512MB 監控硬碟,威 騰 14TB 512MB 監控硬碟,9VZWD142PURP,錄 影 主 機,威 騰,WD142PURP,14TB 512MB 監控硬碟,11600,12900,10978,https://drive.google.com/open?id=1ysno9KHD2nDBaJ1eAkl8Zhlqzquvz9oi&usp=drive_copy
威 騰-WD181PURP-18TB 512MB 監控硬碟,威 騰 18TB 512MB 監控硬碟,9VZWD181PURP,錄 影 主 機,威 騰,WD181PURP,18TB 512MB 監控硬碟,15980,16490,13520,https://drive.google.com/open?id=1UfBAhtqBrwbdlVGhKifUq_4SDmgRbYWn&usp=drive_copy
威 騰-WD11PURZ-1TB 64MB 監控硬碟,威 騰 1TB 64MB 監控硬碟,9VZWD11PURZ,錄 影 主 機,威 騰,WD11PURZ,1TB 64MB 監控硬碟,1730,1820,1640,https://drive.google.com/open?id=1tuJHslWBH2ltyuWkhYDRskg6rtZ13rb0&usp=drive_copy
威 騰-WD23PURZ-2TB 64MB 監控硬碟,威 騰 2TB 64MB 監控硬碟,9VZWD23PURZ,錄 影 主 機,威 騰,WD23PURZ,2TB 64MB 監控硬碟,2100,2220,1995,https://drive.google.com/open?id=1UNQUEFrOyild6vlil93TYP4gQfpwMLA6&usp=drive_copy
威 騰-WD33PURZ-3TB 256MB 監控硬碟,威 騰 3TB 256MB 監控硬碟,9VZWD33PURZ,錄 影 主 機,威 騰,WD33PURZ,3TB 256MB 監控硬碟,2690,3000,2549,https://drive.google.com/open?id=1Taz2H2mMqS_AcZ7irslvTMBPEntjujpa&usp=drive_copy
威 騰-WD43PURZ-4TB 256MB 監控硬碟,威 騰 4TB 256MB 監控硬碟,9VZWD43PURZ,錄 影 主 機,威 騰,WD43PURZ,4TB 256MB 監控硬碟,3150,3350,2992,https://drive.google.com/open?id=1cL_R1kEQlvRJtyPnEFtINktN5Ujzga21&usp=drive_copy
威 騰-WD64PURZ-6TB 256MB 監控硬碟,威 騰 6TB 256MB 監控硬碟,9VZWD64PURZ,錄 影 主 機,威 騰,WD64PURZ,6TB 256MB 監控硬碟,5370,5900,5098,https://drive.google.com/open?id=1fDvGqosQdCJMlJkt-R6k220smdx_VeUO&usp=drive_copy
威 騰-WD84PURZ-8TB 128MB 監控硬碟,威 騰 8TB 128MB 監控硬碟,9VZWDG84PURZ,錄 影 主 機,威 騰,WD84PURZ,8TB 128MB 監控硬碟,6750,6900,5922,https://drive.google.com/open?id=1mp7lXCP4b53FLqrKMQYiO_NPKfOCghuE&usp=drive_copy
威 騰-WD85PURZ-8TB 256MB 監控硬碟,威 騰 8TB 256MB 監控硬碟,9VZWDG85PURZ,錄 影 主 機,威 騰,WD85PURZ,8TB 256MB 監控硬碟,6700,7500,6338,https://drive.google.com/open?id=1uPfTClb29tnZ7zdiKonSlv71tNxAPYxR&usp=drive_copy
威 騰-WD8002PURP-8TB 256MB 監控硬碟,威 騰 8TB 256MB 監控硬碟,9VZWD8001PURP,錄 影 主 機,威 騰,WD8002PURP,8TB 256MB 監控硬碟,6700,7500,6338,https://drive.google.com/open?id=1j_BEuL7VNZCp0M4CiATctnNNTqU4Yfqm&usp=drive_copy
兆 勤-SFP-1000T-Gigabit SFP+光纖收發模組,兆 勤 10 Gigabit SFP+,9CWHCSFP1000T,有 線 傳 輸,兆 勤,SFP-1000T,Gigabit SFP+光纖收發模組,2290,4120,2060,https://drive.google.com/open?id=1hEQl9JmLb-MffajoPPNMh441X1zuuwU5&usp=drive_copy
兆 勤-RGS200-12P-12埠GbE網管型PoE交換器,兆 勤 12埠GbE網管型PoE交換器,9CWHCRGS20012P,有 線 傳 輸,兆 勤,RGS200-12P,12埠GbE網管型PoE交換器,25740,★★★,22620,https://drive.google.com/open?id=1cd_OdU4EM55YdFNtR1vAmPkppQwLNSeE&usp=drive_copy
兆 勤-GS1350-18HP-16埠GbE智慧型網管交換器,兆 勤 16埠GbE智慧型網管交換器,9CWHCGS135018HP,有 線 傳 輸,兆 勤,GS1350-18HP,16埠GbE智慧型網管交換器,16260,18500,13819,https://drive.google.com/open?id=1FpqW_haTlXPGsm7sNycspviQjJ6GIBx7&usp=drive_copy
兆 勤-GS1900-16-16埠GbE智慧型網管交換器,兆 勤 16埠GbE智慧型網管交換器,9CWHCGS190016,有 線 傳 輸,兆 勤,GS1900-16,16埠GbE智慧型網管交換器,4000,3999,3675,https://drive.google.com/open?id=1iG-3-j4Sw1yOmyKXl1kTN7IrUASKLYzj&usp=drive_copy
兆 勤-XMG1930-30-24埠2.5G L2智慧型網管交換器,兆 勤 24埠2.5G L2智慧型網管交換器,9CWHCXMG193030,有 線 傳 輸,兆 勤,XMG1930-30,24埠2.5G L2智慧型網管交換器,32560,★★★,30325,https://drive.google.com/open?id=1N-xh0zcMZUwPFZH9EU_vZ43_XNi3wIlN&usp=drive_copy
兆 勤-GS2220-28HP-24埠GbE L2 PoE交換器,兆 勤 24埠GbE L2 PoE交換器,9CWHCGS222028HP,有 線 傳 輸,兆 勤,GS2220-28HP,24埠GbE L2 PoE交換器,23500,40000,19741,https://drive.google.com/open?id=1QXDEho4zCah4LkK2qDoMry3R0stFn6Uf&usp=drive_copy
兆 勤-GS2220-28-24埠GbE L2交換器,兆 勤 24埠GbE L2交換器,9CWHCGS222028,有 線 傳 輸,兆 勤,GS2220-28,24埠GbE L2交換器,12400,15500,10146,https://drive.google.com/open?id=1cdDC1vb5DxQz9CIIe4JX5X5ic4wvOK2f&usp=drive_copy
兆 勤-XGS2220-30HP-24埠GbE L3存取PoE+交換器,兆 勤 24埠GbE L3存取PoE+交換器,9CWHCXGS222030HP,有 線 傳 輸,兆 勤,XGS2220-30HP,24埠GbE L3存取PoE+交換器,63000,80000,53752,https://drive.google.com/open?id=1OkO6qnU8jSIIYm0Jyj9ofkCKPha7Pgt0&usp=drive_copy
兆 勤-XGS2220-30-24埠GbE L3存取交換器,兆 勤 24埠GbE L3存取交換器,9CWHCXGS222030,有 線 傳 輸,兆 勤,XGS2220-30,24埠GbE L3存取交換器,29600,40000,23031,https://drive.google.com/open?id=1auKFJ5lnWUgga0mRGePkku4HZwnOiMie&usp=drive_copy
兆 勤-XGS1935-28-24埠GbE Lite-L3智慧型網管交換器,兆 勤 24埠GbE Lite-L3智慧型網管交換器,9CWHCXGS193528,有 線 傳 輸,兆 勤,XGS1935-28,24埠GbE Lite-L3智慧型網管交換器,12800,22000,12064,https://drive.google.com/open?id=1S0aAHP5WeQ0odyKPE4zahrJkplAM-WIw&usp=drive_copy
兆 勤-XGS1935-28HP-24埠GbE PoE Lite-L3智慧型網管交換器,兆 勤 24埠GbE PoE Lite-L3智慧型網管交換器,9CWHCXGS193528HP,有 線 傳 輸,兆 勤,XGS1935-28HP,24埠GbE PoE Lite-L3智慧型網管交換器,24000,40000,21935,https://drive.google.com/open?id=1rBs0fIlgaCSfq4w8be_6aOr-q1gE3p4j&usp=drive_copy
兆 勤-GS1900-24EP-24埠GbE智慧型網管PoE交換器,兆 勤 24埠GbE智慧型網管PoE交換器,9CWHCGS190024E,有 線 傳 輸,兆 勤,GS1900-24EP,24埠GbE智慧型網管PoE交換器,5500,8700,4146,https://drive.google.com/open?id=1dTKY8jdJKJqHM2JWa_25_lHPtYn_t3yZ&usp=drive_copy
兆 勤-GS1900-24HPv2-24埠GbE智慧型網管PoE交換器,兆 勤 24埠GbE智慧型網管PoE交換器,9CWHCGS190024HP,有 線 傳 輸,兆 勤,GS1900-24HPv2,24埠GbE智慧型網管PoE交換器,16700,10930,14433,https://drive.google.com/open?id=122XzlxKnFGEXD1c0NSY4JEHIAZmXXyon&usp=drive_copy
兆 勤-GS1920-24HPv2-24埠GbE智慧型網管PoE交換器,兆 勤 24埠GbE智慧型網管PoE交換器,9CWHCGS192024HP,有 線 傳 輸,兆 勤,GS1920-24HPv2,24埠GbE智慧型網管PoE交換器,17820,27000,16115,https://drive.google.com/open?id=1xDcJhyOj-QD_hGVHPGkJ6EW4LFjQAs1i&usp=drive_copy
兆 勤-GS1350-26HP-24埠GbE智慧型網管交換器,兆 勤 24埠GbE智慧型網管交換器,9CWHCGS135026HP,有 線 傳 輸,兆 勤,GS1350-26HP,24埠GbE智慧型網管交換器,19000,22500,17275,https://drive.google.com/open?id=1ncDOHYUQp-Vo2rv7w4xcV6112rA9VqUg&usp=drive_copy
兆 勤-GS1900-24-24埠GbE智慧型網管交換器,兆 勤 24埠GbE智慧型網管交換器,9CWHCGS190024,有 線 傳 輸,兆 勤,GS1900-24,24埠GbE智慧型網管交換器,5500,6000,5125,https://drive.google.com/open?id=1IaN-_BaG04NxJj3w2Koq0lTLqyrnkLjz&usp=drive_copy
兆 勤-GS1900-24E-24埠GbE智慧型網管交換器,兆 勤 24埠GbE智慧型網管交換器,9CWHCGS190024E,有 線 傳 輸,兆 勤,GS1900-24E,24埠GbE智慧型網管交換器,5500,8700,4146,https://drive.google.com/open?id=1D82A9qXUhugJsc0M9T4rRJl2maHFP6SO&usp=drive_copy
兆 勤-GS1920-24v2-24埠GbE智慧型網管交換器,兆 勤 24埠GbE智慧型網管交換器,9CWHCGS192024V2,有 線 傳 輸,兆 勤,GS1920-24v2,24埠GbE智慧型網管交換器,10800,17000,9684,https://drive.google.com/open?id=16RV92dfyQjZfRQCh6PCD1k2KGqICYiqv&usp=drive_copy
兆 勤-GS1100-24V3-24埠GbE無網管交換器,兆 勤 24埠GbE無網管交換器,9CWHCGS110024V3,有 線 傳 輸,兆 勤,GS1100-24V3,24埠GbE無網管交換器,4867,7564,4104,https://drive.google.com/open?id=1s3mTI-ACYgVCvds4I2eal_U9rqgKI8qS&usp=drive_copy
兆 勤-GS1100-24E-24埠GbE無網管交換器,兆 勤 24埠GbE無網管交換器,9CWHCGS110024EV3,有 線 傳 輸,兆 勤,GS1100-24E,24埠GbE無網管交換器,2788,3000,2446,https://drive.google.com/open?id=1F1XPsyTAqix2xRJJQ7T6q7AM6PWZlK6U&usp=drive_copy
兆 勤-XGS2220-30F-24埠SFP L3存取交換器,兆 勤 24埠SFP L3存取交換器,9CWHCXGS222030F,有 線 傳 輸,兆 勤,XGS2220-30F,24埠SFP L3存取交換器,80000,123600,67778,https://drive.google.com/open?id=1C_uS8e-sgkaS0PBXcXEAr9aYnkuBGXhq&usp=drive_copy
兆 勤-XGS4600-32F-28埠GbE L3網管型光纖交換器,兆 勤 28埠GbE L3網管型光纖交換器,9CWHCXGS460032F,有 線 傳 輸,兆 勤,XGS4600-32F,28埠GbE L3網管型光纖交換器,120000,239250,107480,https://drive.google.com/open?id=1YMr1y4etMLJtZqHcEsBWFd08W5jsWRPu&usp=drive_copy
兆 勤-GS2220-50-48埠GbE L2交換器,兆 勤 48埠GbE L2交換器,9CWHCGS222050,有 線 傳 輸,兆 勤,GS2220-50,48埠GbE L2交換器,25520,31900,14920,https://drive.google.com/open?id=1MehjJcsC0zGioUeFI8AljbZzrAeyCIfO&usp=drive_copy
兆 勤-XGS2220-54-48埠GbE L3存取交換器,兆 勤 48埠GbE L3存取交換器,9CWHCXGS222054,有 線 傳 輸,兆 勤,XGS2220-54,48埠GbE L3存取交換器,45000,60000,36855,https://drive.google.com/open?id=1GO-ZK3lRianKHg9pkSp34Q3bveDDlCX4&usp=drive_copy
兆 勤-GS1920-48HPv2-48埠GbE智慧型網管PoE交換器,兆 勤 48埠GbE智慧型網管PoE交換器,9CWHCGS192048HP,有 線 傳 輸,兆 勤,GS1920-48HPv2,48埠GbE智慧型網管PoE交換器,21000,33600,17856,https://drive.google.com/open?id=172229yG0WD6m_90wJBReoYw35xWCmOFD&usp=drive_copy
兆 勤-GS1900-48-48埠GbE智慧型網管交換器,兆 勤 48埠GbE智慧型網管交換器,9CWHCGS190048,有 線 傳 輸,兆 勤,GS1900-48,48埠GbE智慧型網管交換器,13000,20000,11372,https://drive.google.com/open?id=1xnOY9glsX7j2jWvPJcabpbJzSjMKKX5t&usp=drive_copy
兆 勤-GS1920-48-48埠GbE智慧型網管交換器,兆 勤 48埠GbE智慧型網管交換器,9CWHCXGS192048,有 線 傳 輸,兆 勤,GS1920-48,48埠GbE智慧型網管交換器,17500,11000,15500,https://drive.google.com/open?id=1MNsgIK-paWtkwQJY7qopGez-L0KzqayZ&usp=drive_copy
兆 勤-GS1350-6HP-5埠GbE PoE智慧型網管交換器(MIT),兆 勤 5埠GbE PoE智慧型網管交換器,9CWHCGS13506HPMIT,有 線 傳 輸,兆 勤,GS1350-6HP,5埠GbE PoE智慧型網管交換器(MIT),7140,★★★,6663,https://drive.google.com/open?id=1NrMrkZvO6Mp-5foXcL900vJ3Pyk3-4O7&usp=drive_copy
兆 勤-RGS100-5P-5埠GbE無網管PoE交換器,兆 勤 5埠GbE無網管PoE交換器,9CWHCRGS1005P,有 線 傳 輸,兆 勤,RGS100-5P,5埠GbE無網管PoE交換器,8558,13400,7503,https://drive.google.com/open?id=1ByH3kT-eaRERrU6QExUs85fNEhkXpGkv&usp=drive_copy
兆 勤-GS-105B v5-5埠GbE無網管交換器,兆 勤 5埠GbE無網管交換器,9CWHCGS105B,有 線 傳 輸,兆 勤,GS-105B v5,5埠GbE無網管交換器,1100,★★★,914,https://drive.google.com/open?id=1JCqwrlIgkHVq2D2E-KKcTLZC3um2WpXW&usp=drive_copy
兆 勤-WAX650S-802.11ax (WiFi 6) 雙頻專業整合型無線網路基地台,兆 勤 802.11ax (WiFi 6) 雙頻專業整合型無線網路基地台,9CWHCWAX650S,有 線 傳 輸,兆 勤,WAX650S,802.11ax (WiFi 6) 雙頻專業整合型無線網路基地台,14000,40000,13051,https://drive.google.com/open?id=1KO2dt38kDRdsTiq1pJ89lVb6rixs2_CZ&usp=drive_copy
兆 勤-WAX510D-802.11ax (WiFi 6) 雙頻整合型無線網路基地台,兆 勤 802.11ax (WiFi 6) 雙頻整合型無線網路基地台,9CWHCWAX510D,有 線 傳 輸,兆 勤,WAX510D,802.11ax (WiFi 6) 雙頻整合型無線網路基地台,8000,20000,7100,https://drive.google.com/open?id=1qr_zP4WPy0gmTJLWfiyw1yv4gbjhy-aZ&usp=drive_copy
兆 勤-XS1930-12F-10-port 10G Smart Managed Fiber Switch with 2 Multi-Gigabit Ports,兆 勤 8-port Multi-Gigabit Smart Managed PoE,9CWHCXS193012F,有 線 傳 輸,兆 勤,XS1930-12F,10-port 10G Smart Managed Fiber Switch with 2 Multi-Gigabit Ports,34000,58400,32699,https://drive.google.com/open?id=1KPs4hhgZ4Dn7cpo_fbaeGcqKS3qWhT-u&usp=drive_fs
兆 勤-XMG-108-8埠2.5G無網管交換機,兆 勤 8埠2.5G無網管交換機,9CWHCXMG108,有 線 傳 輸,兆 勤,XMG-108,8埠2.5G無網管交換機,4200,6400,3585,https://drive.google.com/open?id=1u48x5nmrzV_ZD86yHklST0QDO66Kp0cg&usp=drive_copy
兆 勤-GS2220-10-8埠GbE L2交換器,兆 勤 8埠GbE L2交換器,9CWHCGS222010,有 線 傳 輸,兆 勤,GS2220-10,8埠GbE L2交換器,7200,12000,6580,https://drive.google.com/open?id=1ivSynHvzkVHxFGZS4DBZVwYSeD1rmGYJ&usp=drive_copy
兆 勤-GS1900-10HP-8埠GbE智慧型網管PoE交換器,兆 勤 8埠GbE智慧型網管PoE交換器,9CWHCGS190010HP,有 線 傳 輸,兆 勤,GS1900-10HP,8埠GbE智慧型網管PoE交換器,7500,9000,7000,https://drive.google.com/open?id=1q4q-LCpe80rKuYmkOl-Or8k1gO-mBeKT&usp=drive_copy
兆 勤-GS1900-8HP-8埠GbE智慧型網管PoE交換器,兆 勤 8埠GbE智慧型網管PoE交換器,9CWHCGS19008HP,有 線 傳 輸,兆 勤,GS1900-8HP,8埠GbE智慧型網管PoE交換器,6100,8000,5470,https://drive.google.com/open?id=1YRluVFBQeEiiY4kOF-5UlTUzMQzq_xbi&usp=drive_copy
兆 勤-GS1350-12HP-8埠GbE智慧型網管交換器(MIT),兆 勤 8埠GbE智慧型網管交換器,9CWHCGS135012HPMIT,有 線 傳 輸,兆 勤,GS1350-12HP,8埠GbE智慧型網管交換器(MIT),8400,★★★,6943,https://drive.google.com/open?id=1F9MTGnL-kx5MWGv0wlJ8Y7v_ij4yihPe&usp=drive_copy
兆 勤-GS1900-8-8埠GbE智慧型網管交換器,兆 勤 8埠GbE智慧型網管交換器,9CWHCGS19008,有 線 傳 輸,兆 勤,GS1900-8,8埠GbE智慧型網管交換器,2235,3900,2010,https://drive.google.com/open?id=1wIDeTq34Og1ioNiXyL927l0DIZO0YCJh&usp=drive_copy
兆 勤-GS1100-10HP-8埠GbE無網管PoE交換器(含Gigabit SFP),兆 勤 8埠GbE無網管PoE交換器(含Gigabit SFP),9ENZYGS110010HP,有 線 傳 輸,兆 勤,GS1100-10HP,8埠GbE無網管PoE交換器(含Gigabit SFP),7714,10800,5745,https://drive.google.com/open?id=1vchPqlUUlWWTEOIShet2A5ck2TOjH8im&usp=drive_copy
兆 勤-GS-108B v5-8埠GbE無網管交換器,兆 勤 8埠GbE無網管交換器,9CWHCGS108BV5,有 線 傳 輸,兆 勤,GS-108B v5,8埠GbE無網管交換器,850,940,741,https://drive.google.com/open?id=10_VEStJBAbM7eIXDegGfA17UzjV2yhLh&usp=drive_copy
兆 勤-GS1008HP-8埠GbE無網管型PoE交換器,兆 勤 8埠GbE無網管型PoE交換器,9EZXGS1008HP,有 線 傳 輸,兆 勤,GS1008HP,8埠GbE無網管型PoE交換器,4569,6396,3402,https://drive.google.com/open?id=1fhYKUGWtGzTkR78TSre1S20HfhyUm75u&usp=drive_copy
兆 勤-USG FLEX 100H(BDL)-ZYXEL 雲端防火牆(MIT),兆 勤 ZyWALL USG FLEX FIREWALL,9CWHCUSGFLEX100HBDL,通 訊 協 定,兆 勤,USG FLEX 100H(BDL),ZYXEL 雲端防火牆(MIT),22350,25725,19037,https://drive.google.com/open?id=1s4PCFcIkkUWYf909jfnnaojqRCPE_6S5&usp=drive_copy
兆 勤-USG FLEX 100(BDL)-ZYXEL 雲端防火牆,兆 勤 ZyWALL USG FLEX FIREWALL,9CWHCUSGFLEX100BDL,通 訊 協 定,兆 勤,USG FLEX 100(BDL),ZYXEL 雲端防火牆,15875,17000,14222,https://drive.google.com/open?id=1s4PCFcIkkUWYf909jfnnaojqRCPE_6S5&usp=drive_copy
兆 勤-USG FLEX 100H-ZYXEL 雲端防火牆(不含軟體),,9CWHCUSGFLEX100H,通 訊 協 定,兆 勤,USG FLEX 100H,ZYXEL 雲端防火牆(不含軟體),16500,27000,15118,https://drive.google.com/open?id=1s4PCFcIkkUWYf909jfnnaojqRCPE_6S5&usp=drive_copy
兆 勤-USG FLEX 50AX -ZYXEL 雲端防火牆路由器,,9CWHCUSGFLEX50AX,通 訊 協 定,兆 勤,USG FLEX 50AX ,ZYXEL 雲端防火牆路由器,7500,10000,5600,https://drive.google.com/open?id=1s4PCFcIkkUWYf909jfnnaojqRCPE_6S5&usp=drive_copy
兆 勤-USG FLEX100 -ZYXEL 雲端防火牆(MIT),,9CWHCUSGFLEX100MIT,通 訊 協 定,兆 勤,USG FLEX100 ,ZYXEL 雲端防火牆(MIT),11600,★★★,10975,https://drive.google.com/open?id=1s4PCFcIkkUWYf909jfnnaojqRCPE_6S5&usp=drive_copy
兆 勤-USG FLEX200 -ZYXEL 雲端防火牆(不含軟體),,9CWHCUSGFLEX200,通 訊 協 定,兆 勤,USG FLEX200 ,ZYXEL 雲端防火牆(不含軟體),18270,20300,17175,https://drive.google.com/open?id=1s4PCFcIkkUWYf909jfnnaojqRCPE_6S5&usp=drive_copy
兆 勤-USG FLEX500 -ZYXEL 雲端防火牆(不含軟體),,9CWHCUSGFLEX500,通 訊 協 定,兆 勤,USG FLEX500 ,ZYXEL 雲端防火牆(不含軟體),35000,★★★,27996,https://drive.google.com/open?id=1s4PCFcIkkUWYf909jfnnaojqRCPE_6S5&usp=drive_copy
兆 勤-USG FLEX700(BDL)-ZYXEL 雲端防火牆(僅設備)(設備保固一年),,9CWHCUSGFLEX700BDL,通 訊 協 定,兆 勤,USG FLEX700(BDL),ZYXEL 雲端防火牆(僅設備)(設備保固一年),70000,104000,57030,https://drive.google.com/open?id=1s4PCFcIkkUWYf909jfnnaojqRCPE_6S5&usp=drive_copy